Precursor,Isotope Label Type,Min Start Time,Max End Time,Annotations,metric,metric1,retention time,Max FWHM,Total Area
VLVLDTDYK,light,24.3,25.08,A,24.7,24.7,24.62,0.29,116034248
VLVLDTDYK,light,24.36,25.17,B,24.53,24.53,24.7,0.31,127339240
VLVLDTDYK,light,24.19,24.96,C,24.59,24.59,24.53,0.31,110745576
VLVLDTDYK,light,24.22,25.02,,24.62,24.62,24.59,0.31,130619640
VLVLDTDYK,light,24.27,25.05,,24.76,24.76,24.62,0.3,113469472
VLVLDTDYK,light,24.42,25.22,,24.79,24.79,24.76,0.3,120836432
VLVLDTDYK,light,24.45,25.25,,24.85,24.85,24.79,0.3,130383616
VLVLDTDYK,light,24.5,25.28,,24.82,24.82,24.85,0.3,122144608
VLVLDTDYK,light,24.47,25.28,,24.53,24.53,24.82,0.29,126206200
VLVLDTDYK,light,24.24,25.02,,24.53,24.53,24.53,0.31,132010632
VLVLDTDYK,light,24.19,24.96,,24.7,24.7,24.53,0.31,133893448
VLVLDTDYK,light,24.36,25.17,,24.85,24.85,24.7,0.3,124086984
VLVLDTDYK,light,24.47,25.28,,24.62,24.62,24.85,0.3,128337680
VLVLDTDYK,light,24.27,25.05,,24.53,24.53,24.62,0.3,117667432
VLVLDTDYK,light,24.19,24.96,,24.65,24.65,24.53,0.29,121610568
VLVLDTDYK,light,24.3,25.08,,24.7,24.7,24.65,0.29,124035496
VLVLDTDYK,light,24.36,25.14,,24.65,24.65,24.7,0.3,123694048
VLVLDTDYK,light,24.33,25.11,,24.88,24.88,24.65,0.29,117995552
VLVLDTDYK,light,24.56,25.34,,24.91,24.91,24.88,0.3,113882032
VLVLDTDYK,light,24.59,25.37,,24.82,24.82,24.91,0.3,112369192
VLVLDTDYK,light,24.5,25.28,,24.94,24.94,24.82,0.29,108572992
VLVLDTDYK,light,24.65,25.28,,24.73,24.73,24.94,0.3,17096
VLVLDTDYK,light,24.39,25.17,,24.85,24.85,24.73,0.29,114232536
VLVLDTDYK,light,24.5,25.28,AA,24.88,24.88,24.85,0.28,110165896
VLVLDTDYK,light,24.56,25.31,BB,24.73,24.73,24.88,0.27,119396328
VLVLDTDYK,light,24.42,25.17,CC,24.76,24.76,24.73,0.3,121705136
VLVLDTDYK,light,24.42,25.22,,24.65,24.65,24.76,0.3,106307968
VLVLDTDYK,light,24.27,25.08,,24.59,24.59,24.65,0.3,107107792
VLVLDTDYK,light,24.24,25.02,,24.65,24.65,24.59,0.3,104155072
VLVLDTDYK,light,24.33,25.11,,24.85,24.85,24.65,0.29,107286680
VLVLDTDYK,light,24.53,25.31,,24.68,24.68,24.85,0.3,118212120
VLVLDTDYK,light,24.3,25.11,,24.68,24.68,24.68,0.3,116528872
VLVLDTDYK,light,24.36,25.14,,24.62,24.62,24.68,0.3,110364800
VLVLDTDYK,light,24.27,25.08,,24.76,24.76,24.62,0.29,105226112
VLVLDTDYK,light,24.42,25.19,,24.62,24.62,24.76,0.29,112290400
VLVLDTDYK,light,24.27,25.05,,24.7,24.7,24.62,0.29,105977904
VLVLDTDYK,light,24.36,25.17,AAA,24.76,24.76,24.7,0.3,124188336
VLVLDTDYK,light,24.39,25.22,BBB,24.76,24.76,24.76,0.32,101415736
VLVLDTDYK,light,24.36,25.17,CCC,24.65,24.65,24.76,0.31,101154816
VLVLDTDYK,light,24.3,25.08,,24.56,24.56,24.65,0.3,102023224
VLVLDTDYK,light,24.22,25.02,,24.59,24.59,24.56,0.29,89610200
VLVLDTDYK,light,24.22,24.99,,24.47,24.47,24.59,0.3,93997712
VLVLDTDYK,light,24.1,24.91,,24.59,24.59,24.47,0.3,90727008
VLVLDTDYK,light,24.27,25.08,,24.73,24.73,24.59,0.31,99698832
VLVLDTDYK,light,24.36,25.17,,24.47,24.47,24.73,0.29,91007240
VLVLDTDYK,light,24.1,24.91,,22.83,22.83,24.47,0.3,90727008
DGGIDPLVR,light,22.46,23.21,D,22.83,22.83,22.83,0.26,29848742
DGGIDPLVR,light,22.52,23.27,E,22.72,22.72,22.83,0.27,30046920
DGGIDPLVR,light,22.37,23.12,F,22.75,22.75,22.72,0.26,28826946
DGGIDPLVR,light,22.37,23.12,,22.78,22.78,22.75,0.27,31871090
DGGIDPLVR,light,22.4,23.18,,22.98,22.98,22.78,0.28,29745404
DGGIDPLVR,light,22.57,23.35,,22.95,22.95,22.98,0.27,33090204
DGGIDPLVR,light,22.6,23.35,,23.01,23.01,22.95,0.27,32437554
DGGIDPLVR,light,22.66,23.41,,23.03,23.03,23.01,0.26,32072204
DGGIDPLVR,light,22.66,23.41,,22.75,22.75,23.03,0.27,32815172
DGGIDPLVR,light,22.4,23.15,,22.72,22.72,22.75,0.26,33779368
DGGIDPLVR,light,22.34,23.12,,22.86,22.86,22.72,0.29,34882600
DGGIDPLVR,light,22.52,23.27,,22.98,22.98,22.86,0.28,33084932
DGGIDPLVR,light,22.63,23.41,,22.83,22.83,22.98,0.26,34972104
DGGIDPLVR,light,22.46,23.21,,22.75,22.75,22.83,0.28,27064946
DGGIDPLVR,light,22.37,23.12,,22.8,22.8,22.75,0.27,27699456
DGGIDPLVR,light,22.46,23.24,,22.89,22.89,22.8,0.25,29321740
DGGIDPLVR,light,22.55,23.29,,22.92,22.92,22.89,0.28,28574646
DGGIDPLVR,light,22.55,23.29,DD,23.12,23.12,22.92,0.27,28624674
DGGIDPLVR,light,22.75,23.5,EE,23.15,23.15,23.12,0.26,26458728
DGGIDPLVR,light,22.78,23.52,FF,23.06,23.06,23.15,0.26,25558442
DGGIDPLVR,light,22.69,23.44,,22.98,22.98,23.06,0.26,25948516
DGGIDPLVR,light,22.6,23.38,,23.09,23.09,22.98,0.27,27211380
DGGIDPLVR,light,22.69,23.44,,23.09,23.09,23.09,0.28,25579962
DGGIDPLVR,light,22.72,23.47,,22.98,22.98,23.09,0.27,25740914
DGGIDPLVR,light,22.6,23.35,,22.95,22.95,22.98,0.27,30205978
DGGIDPLVR,light,22.57,23.32,,22.8,22.8,22.95,0.27,24858712
DGGIDPLVR,light,22.43,23.21,,22.72,22.72,22.8,0.28,25741174
DGGIDPLVR,light,22.34,23.15,,22.86,22.86,22.72,0.28,25471416
DGGIDPLVR,light,22.49,23.27,,23.06,23.06,22.86,0.26,25515072
DGGIDPLVR,light,22.72,23.47,,22.86,22.86,23.06,0.27,28085734
DGGIDPLVR,light,22.49,23.27,,22.92,22.92,22.86,0.29,27300512
DGGIDPLVR,light,22.52,23.32,,22.8,22.8,22.92,0.27,23546816
DGGIDPLVR,light,22.4,23.21,,23.01,23.01,22.8,0.28,24573502
DGGIDPLVR,light,22.63,23.38,,22.86,22.86,23.01,0.27,27006744
DGGIDPLVR,light,22.49,23.24,,22.92,22.92,22.86,0.27,23914046
DGGIDPLVR,light,22.55,23.32,,22.89,22.89,22.92,0.27,33827164
DGGIDPLVR,light,22.52,23.29,,22.92,22.92,22.89,0.26,23491120
DGGIDPLVR,light,22.55,23.32,,22.89,22.89,22.92,0.27,24354038
DGGIDPLVR,light,22.52,23.27,,22.78,22.78,22.89,0.26,23178182
DGGIDPLVR,light,22.4,23.18,,22.78,22.78,22.78,0.31,20715094
DGGIDPLVR,light,22.37,23.18,DDD,22.72,22.72,22.78,0.29,21910024
DGGIDPLVR,light,22.34,23.12,EEE,22.8,22.8,22.72,0.27,21361528
DGGIDPLVR,light,22.4,23.21,FFF,22.92,22.92,22.8,0.28,25089674
DGGIDPLVR,light,22.55,23.29,,22.72,22.72,22.92,0.28,21313348
DGGIDPLVR,light,22.34,23.12,,20.18,20.18,22.72,0.27,21361528
GFCGLSQPK,light,19.9,20.53,G,20.21,20.21,20.18,0.23,13511653
GFCGLSQPK,light,19.87,20.56,H,20.16,20.16,20.21,0.24,12343345
GFCGLSQPK,light,19.87,20.53,I,20.18,20.18,20.16,0.24,13918548
GFCGLSQPK,light,19.87,20.53,,20.18,20.18,20.18,0.24,12670380
GFCGLSQPK,light,19.87,20.53,,20.27,20.27,20.18,0.24,12354144
GFCGLSQPK,light,19.95,20.62,,20.3,20.3,20.27,0.25,11831322
GFCGLSQPK,light,19.98,20.64,,20.33,20.33,20.3,0.24,14190130
GFCGLSQPK,light,20.01,20.67,,20.36,20.36,20.33,0.23,12795981
GFCGLSQPK,light,20.04,20.7,,20.21,20.21,20.36,0.24,13881678
GFCGLSQPK,light,19.87,20.53,,20.16,20.16,20.21,0.24,16065849
GFCGLSQPK,light,19.84,20.5,,20.21,20.21,20.16,0.23,14384179
GFCGLSQPK,light,19.9,20.56,,20.3,20.3,20.21,0.24,14777372
GFCGLSQPK,light,20.01,20.64,,20.24,20.24,20.3,0.23,15537293
GFCGLSQPK,light,19.92,20.59,,20.16,20.16,20.24,0.24,12365088
GFCGLSQPK,light,19.84,20.53,,20.18,20.18,20.16,0.24,12025969
GFCGLSQPK,light,19.87,20.53,,20.3,20.3,20.18,0.22,13165036
GFCGLSQPK,light,19.95,20.67,,20.33,20.33,20.3,0.24,12540602
GFCGLSQPK,light,20.04,20.7,,20.44,20.44,20.33,0.24,12401450
GFCGLSQPK,light,20.16,20.76,,20.5,20.5,20.44,0.23,11406219
GFCGLSQPK,light,20.18,20.88,,20.41,20.41,20.5,0.23,11342306
GFCGLSQPK,light,20.1,20.76,,20.39,20.39,20.41,0.23,12117833
GFCGLSQPK,light,20.1,20.76,,20.47,20.47,20.39,0.24,12050439
GFCGLSQPK,light,20.18,20.82,,20.47,20.47,20.47,0.25,11140829
GFCGLSQPK,light,20.18,20.82,,20.41,20.41,20.47,0.23,11425248
GFCGLSQPK,light,20.07,20.73,GG,20.3,20.3,20.41,0.24,12604454
GFCGLSQPK,light,20.01,20.67,HH,20.21,20.21,20.3,0.23,11239238
GFCGLSQPK,light,19.9,20.59,II,20.16,20.16,20.21,0.24,11970155
GFCGLSQPK,light,19.81,20.5,,20.24,20.24,20.16,0.23,11223780
GFCGLSQPK,light,19.95,20.62,,20.47,20.47,20.24,0.24,11241448
GFCGLSQPK,light,20.16,20.82,,20.33,20.33,20.47,0.24,13292503
GFCGLSQPK,light,20.01,20.64,,20.36,20.36,20.33,0.25,12218146
GFCGLSQPK,light,20.04,20.7,,20.18,20.18,20.36,0.23,10650265
GFCGLSQPK,light,19.9,20.56,,20.36,20.36,20.18,0.24,11056073
GFCGLSQPK,light,20.07,20.73,,20.27,20.27,20.36,0.23,11778354
GFCGLSQPK,light,19.95,20.64,,20.39,20.39,20.27,0.26,10949925
GFCGLSQPK,light,20.07,20.73,,20.39,20.39,20.39,0.25,15387767
GFCGLSQPK,light,20.07,20.73,,20.39,20.39,20.39,0.23,10586422
GFCGLSQPK,light,20.07,20.76,GGG,20.39,20.39,20.39,0.24,11421699
GFCGLSQPK,light,20.07,20.73,HHH,20.27,20.27,20.39,0.23,10802818
GFCGLSQPK,light,19.98,20.64,III,20.27,20.27,20.27,0.25,9090039
GFCGLSQPK,light,19.92,20.62,,20.16,20.16,20.27,0.25,9739660
GFCGLSQPK,light,19.87,20.53,,20.33,20.33,20.16,0.24,9747864
GFCGLSQPK,light,20.01,20.67,,20.41,20.41,20.33,0.25,10999008
GFCGLSQPK,light,20.07,20.76,,20.16,20.16,20.41,0.23,10031835
GFCGLSQPK,light,19.87,20.53,,44.83,44.83,20.16,0.24,9747864
VGPLLACLLGR,light,44.43,45.38,J,44.86,44.86,44.83,0.32,12932612
VGPLLACLLGR,light,44.4,45.41,K,44.86,44.86,44.86,0.34,12676495
VGPLLACLLGR,light,44.37,45.35,L,44.95,44.95,44.86,0.35,17017482
VGPLLACLLGR,light,44.37,45.38,,44.83,44.83,44.95,0.41,9026942
VGPLLACLLGR,light,44.4,45.35,,44.98,44.98,44.83,0.33,10903818
VGPLLACLLGR,light,44.54,45.46,,44.95,44.95,44.98,0.32,12963137
VGPLLACLLGR,light,44.49,45.46,,45.03,45.03,44.95,0.33,16156410
VGPLLACLLGR,light,44.54,45.49,,45,45,45.03,0.34,15646699
VGPLLACLLGR,light,44.51,45.44,,45.03,45.03,45,0.33,15251151
VGPLLACLLGR,light,44.49,45.38,,44.8,44.8,45.03,0.22,5170961
VGPLLACLLGR,light,44.37,45.35,,44.92,44.92,44.8,0.33,13560157
VGPLLACLLGR,light,44.46,45.46,,45.03,45.03,44.92,0.34,14003584
VGPLLACLLGR,light,44.57,45.52,,44.89,44.89,45.03,0.34,18325534
VGPLLACLLGR,light,44.43,45.55,,44.83,44.83,44.89,0.3,5945211
VGPLLACLLGR,light,44.37,45.35,JJ,44.92,44.92,44.83,0.34,19595658
VGPLLACLLGR,light,44.49,45.41,KK,45.06,45.06,44.92,0.34,18806864
VGPLLACLLGR,light,44.57,45.52,LL,45,45,45.06,0.35,18246826
VGPLLACLLGR,light,44.57,45.55,,45.26,45.26,45,0.33,17973358
VGPLLACLLGR,light,44.77,45.72,,45.21,45.21,45.26,0.32,18271102
VGPLLACLLGR,light,44.8,46.1,,45.18,45.18,45.21,0.36,16449821
VGPLLACLLGR,light,44.77,45.7,,45.06,45.06,45.18,0.34,18293020
VGPLLACLLGR,light,44.6,45.55,,45.18,45.18,45.06,0.31,12821239
VGPLLACLLGR,light,44.69,45.67,,45.15,45.15,45.18,0.37,18844424
VGPLLACLLGR,light,44.72,45.67,,44.95,44.95,45.15,0.33,19422164
VGPLLACLLGR,light,44.57,45.52,,45,45,44.95,0.32,7484270
VGPLLACLLGR,light,44.54,45.49,,44.86,44.86,45,0.3,18325056
VGPLLACLLGR,light,44.37,45.29,,44.89,44.89,44.86,0.32,16771666
VGPLLACLLGR,light,44.43,45.41,,44.95,44.95,44.89,0.34,16148787
VGPLLACLLGR,light,44.49,45.46,,45.21,45.21,44.95,0.35,16673945
VGPLLACLLGR,light,44.72,45.7,,44.98,44.98,45.21,0.34,16748039
VGPLLACLLGR,light,44.51,45.49,,44.92,44.92,44.98,0.34,15895894
VGPLLACLLGR,light,44.46,45.41,,44.92,44.92,44.92,0.34,16809598
VGPLLACLLGR,light,44.46,45.41,,45.06,45.06,44.92,0.34,16885026
VGPLLACLLGR,light,44.6,45.58,,44.92,44.92,45.06,0.34,18747026
VGPLLACLLGR,light,44.49,45.46,,44.89,44.89,44.92,0.34,17830640
VGPLLACLLGR,light,44.43,45.41,,44.92,44.92,44.89,0.36,19913622
VGPLLACLLGR,light,44.49,45.44,,45,45,44.92,0.3,18286132
VGPLLACLLGR,light,44.49,45.49,,44.74,44.74,45,0.34,19219338
VGPLLACLLGR,light,44.28,45.23,,44.72,44.72,44.74,0.29,4693060
VGPLLACLLGR,light,44.14,45.06,,44.74,44.74,44.72,0.31,7855591
VGPLLACLLGR,light,44.26,45.32,,44.74,44.74,44.74,0.38,17421792
VGPLLACLLGR,light,44.28,45.26,,44.54,44.54,44.74,0.33,17186572
VGPLLACLLGR,light,44.14,44.95,,44.77,44.77,44.54,0.37,17341754
VGPLLACLLGR,light,44.28,45.29,,44.74,44.74,44.77,0.36,18684972
VGPLLACLLGR,light,44.28,45.26,,26.06,26.06,44.74,0.33,17186572
VLDALDSIK,light,25.68,26.55,,26.17,26.17,26.06,0.32,92635128
VLDALDSIK,light,25.77,26.69,,25.97,25.97,26.17,0.34,106719360
VLDALDSIK,light,25.57,26.46,,25.97,25.97,25.97,0.32,94026904
VLDALDSIK,light,25.6,26.46,,26,26,25.97,0.32,104814840
VLDALDSIK,light,25.63,26.49,,26.26,26.26,26,0.32,103366200
VLDALDSIK,light,25.83,26.72,,26.26,26.26,26.26,0.33,110789328
VLDALDSIK,light,25.89,26.75,,26.29,26.29,26.26,0.34,110077192
VLDALDSIK,light,25.91,26.78,,26.29,26.29,26.29,0.32,106313576
VLDALDSIK,light,25.91,26.78,,26,26,26.29,0.33,109422752
VLDALDSIK,light,25.6,26.49,,25.97,25.97,26,0.33,116613408
VLDALDSIK,light,25.57,26.46,,26.2,26.2,25.97,0.34,114428216
VLDALDSIK,light,25.8,26.69,,26.29,26.29,26.2,0.34,110902480
VLDALDSIK,light,25.91,26.78,,26.03,26.03,26.29,0.33,113318608
VLDALDSIK,light,25.65,26.52,,25.94,25.94,26.03,0.34,103102928
VLDALDSIK,light,25.54,26.46,,26.09,26.09,25.94,0.33,105340496
VLDALDSIK,light,25.68,26.58,,26.17,26.17,26.09,0.33,108161336
VLDALDSIK,light,25.74,26.66,,26.09,26.09,26.17,0.34,107697640
VLDALDSIK,light,25.68,26.55,,26.32,26.32,26.09,0.33,105283144
VLDALDSIK,light,25.94,26.78,,26.35,26.35,26.32,0.32,99372984
VLDALDSIK,light,25.94,26.81,,26.26,26.26,26.35,0.32,97776704
VLDALDSIK,light,25.86,26.75,,26.17,26.17,26.26,0.33,103575424
VLDALDSIK,light,25.77,26.66,,26.26,26.26,26.17,0.33,100293248
VLDALDSIK,light,25.89,26.75,,26.29,26.29,26.26,0.31,92191792
VLDALDSIK,light,25.89,26.78,,26.14,26.14,26.29,0.32,98454280
VLDALDSIK,light,25.77,26.63,,26.23,26.23,26.14,0.33,103911288
VLDALDSIK,light,25.83,26.72,,26.06,26.06,26.23,0.34,97569344
VLDALDSIK,light,25.68,26.55,,26.03,26.03,26.06,0.33,95908608
VLDALDSIK,light,25.63,26.52,,26.03,26.03,26.03,0.34,94607800
VLDALDSIK,light,25.68,26.55,,26.32,26.32,26.03,0.33,93581584
VLDALDSIK,light,25.89,26.78,,26.03,26.03,26.32,0.33,104721512
VLDALDSIK,light,25.65,26.55,,26.12,26.12,26.03,0.34,101839200
VLDALDSIK,light,25.68,26.58,,26.06,26.06,26.12,0.32,95659384
VLDALDSIK,light,25.65,26.52,,26.17,26.17,26.06,0.32,93910528
VLDALDSIK,light,25.8,26.66,,26.03,26.03,26.17,0.32,100441776
VLDALDSIK,light,25.57,26.55,,26.06,26.06,26.03,0.35,96219904
VLDALDSIK,light,25.68,26.52,,26.17,26.17,26.06,0.33,109971264
VLDALDSIK,light,25.77,26.63,,26.14,26.14,26.17,0.31,91463656
VLDALDSIK,light,25.74,26.63,,26.03,26.03,26.14,0.33,91764592
VLDALDSIK,light,25.63,26.55,,25.97,25.97,26.03,0.33,96162440
VLDALDSIK,light,25.57,26.46,,26,26,25.97,0.33,83011008
VLDALDSIK,light,25.57,26.49,,26,26,26,0.33,87121784
VLDALDSIK,light,25.51,26.52,,26,26,26,0.37,81892080
VLDALDSIK,light,25.65,26.52,,26.12,26.12,26,0.33,94019904
VLDALDSIK,light,25.71,26.61,,26,26,26.12,0.33,89711104
VLDALDSIK,light,25.51,26.52,,19.15,19.15,26,0.37,81892080
YSTDVSVDEVK,light,18.92,19.38,,19.12,19.12,19.15,0.18,21851572
YSTDVSVDEVK,light,18.89,19.38,,19.09,19.09,19.12,0.17,21101500
YSTDVSVDEVK,light,18.89,19.38,,19.12,19.12,19.09,0.17,21250248
YSTDVSVDEVK,light,18.89,19.38,,19.12,19.12,19.12,0.18,21811052
YSTDVSVDEVK,light,18.89,19.38,,19.21,19.21,19.12,0.17,20517460
YSTDVSVDEVK,light,18.97,19.46,,19.23,19.23,19.21,0.17,20241130
YSTDVSVDEVK,light,19,19.49,,19.23,19.23,19.23,0.18,22472950
YSTDVSVDEVK,light,19,19.49,,19.26,19.26,19.23,0.17,19460264
YSTDVSVDEVK,light,19.03,19.55,,19.12,19.12,19.26,0.18,22010022
YSTDVSVDEVK,light,18.89,19.41,,19.06,19.06,19.12,0.17,24260326
YSTDVSVDEVK,light,18.86,19.35,,19.12,19.12,19.06,0.17,22778116
YSTDVSVDEVK,light,18.92,19.38,,19.26,19.26,19.12,0.17,22801776
YSTDVSVDEVK,light,19.03,19.52,,19.18,19.18,19.26,0.17,22765222
YSTDVSVDEVK,light,18.92,19.44,,19.09,19.09,19.18,0.18,18550682
YSTDVSVDEVK,light,18.86,19.35,,19.15,19.15,19.09,0.18,17816968
YSTDVSVDEVK,light,18.89,19.41,,19.21,19.21,19.15,0.18,17332828
YSTDVSVDEVK,light,18.97,19.49,,19.29,19.29,19.21,0.18,18895580
YSTDVSVDEVK,light,19.03,19.55,,19.38,19.38,19.29,0.17,18061934
YSTDVSVDEVK,light,19.15,19.64,,19.44,19.44,19.38,0.18,17613008
YSTDVSVDEVK,light,19.21,19.69,,19.35,19.35,19.44,0.17,17415972
YSTDVSVDEVK,light,19.09,19.64,,19.32,19.32,19.35,0.17,17986750
YSTDVSVDEVK,light,19.12,19.61,,19.44,19.44,19.32,0.17,17054306
YSTDVSVDEVK,light,19.21,19.69,,19.44,19.44,19.44,0.17,16695092
YSTDVSVDEVK,light,19.21,19.69,,19.32,19.32,19.44,0.17,17043606
YSTDVSVDEVK,light,19.12,19.61,,19.23,19.23,19.32,0.17,18539452
YSTDVSVDEVK,light,19,19.52,,19.12,19.12,19.23,0.18,17026164
YSTDVSVDEVK,light,18.89,19.38,,19.09,19.09,19.12,0.17,17919724
YSTDVSVDEVK,light,18.86,19.35,,19.18,19.18,19.09,0.17,16762766
YSTDVSVDEVK,light,18.95,19.46,,19.41,19.41,19.18,0.18,16841998
YSTDVSVDEVK,light,19.18,19.67,,19.26,19.26,19.41,0.17,19821326
YSTDVSVDEVK,light,19.03,19.55,,19.26,19.26,19.26,0.16,17722586
YSTDVSVDEVK,light,19.03,19.55,,19.18,19.18,19.26,0.17,16787834
YSTDVSVDEVK,light,18.92,19.44,,19.32,19.32,19.18,0.17,16622039
YSTDVSVDEVK,light,19.09,19.58,,19.21,19.21,19.32,0.17,17917742
YSTDVSVDEVK,light,18.97,19.49,,19.32,19.32,19.21,0.17,16295414
YSTDVSVDEVK,light,19.09,19.61,,19.32,19.32,19.32,0.17,22306548
YSTDVSVDEVK,light,19.09,19.58,,19.35,19.35,19.32,0.17,16584431
YSTDVSVDEVK,light,19.12,19.61,,19.35,19.35,19.35,0.17,15530478
YSTDVSVDEVK,light,19.09,19.61,,19.21,19.21,19.35,0.17,16708505
YSTDVSVDEVK,light,18.97,19.49,,19.18,19.18,19.21,0.18,15208408
YSTDVSVDEVK,light,18.95,19.46,,19.09,19.09,19.18,0.18,15515972
YSTDVSVDEVK,light,18.86,19.38,,19.26,19.26,19.09,0.17,15603782
YSTDVSVDEVK,light,19.03,19.55,,19.32,19.32,19.26,0.17,16038252
YSTDVSVDEVK,light,19.09,19.61,,19.09,19.09,19.32,0.17,15825209
YSTDVSVDEVK,light,18.86,19.38,,32.22,32.22,19.09,0.17,15603782
DDGSWEVIEGYR,light,31.82,32.74,,32.36,32.36,32.22,0.31,9549161
DDGSWEVIEGYR,light,31.9,32.82,,32.22,32.22,32.36,0.31,9374093
DDGSWEVIEGYR,light,31.73,32.8,,32.25,32.25,32.22,0.31,8914831
DDGSWEVIEGYR,light,31.82,32.74,,32.19,32.19,32.25,0.31,9266010
DDGSWEVIEGYR,light,31.76,32.71,,32.36,32.36,32.19,0.32,9231106
DDGSWEVIEGYR,light,31.93,32.8,,32.36,32.36,32.36,0.32,8999456
DDGSWEVIEGYR,light,31.99,32.94,,32.42,32.42,32.36,0.32,9278970
DDGSWEVIEGYR,light,32.02,32.85,,32.39,32.39,32.42,0.3,9375931
DDGSWEVIEGYR,light,31.99,32.91,,32.28,32.28,32.39,0.31,9411762
DDGSWEVIEGYR,light,31.87,32.8,,32.22,32.22,32.28,0.33,10220166
DDGSWEVIEGYR,light,31.79,32.77,,32.31,32.31,32.22,0.32,10216019
DDGSWEVIEGYR,light,31.9,32.8,,32.39,32.39,32.31,0.31,10026738
DDGSWEVIEGYR,light,31.93,32.94,,32.31,32.31,32.39,0.32,10325209
DDGSWEVIEGYR,light,31.87,32.85,,32.22,32.22,32.31,0.33,5970713
DDGSWEVIEGYR,light,31.79,32.74,,32.28,32.28,32.22,0.31,10046410
DDGSWEVIEGYR,light,31.87,32.77,,32.42,32.42,32.28,0.32,9268786
DDGSWEVIEGYR,light,31.96,32.88,,32.19,32.19,32.42,0.31,10052631
DDGSWEVIEGYR,light,31.82,32.74,,32.39,32.39,32.19,0.33,9694325
DDGSWEVIEGYR,light,31.96,32.88,,32.39,32.39,32.39,0.31,9297556
DDGSWEVIEGYR,light,31.96,32.82,,32.31,32.31,32.39,0.3,9008971
DDGSWEVIEGYR,light,31.85,32.88,,32.36,32.36,32.31,0.32,9329685
DDGSWEVIEGYR,light,31.9,32.88,,32.42,32.42,32.36,0.32,9929021
DDGSWEVIEGYR,light,31.99,32.85,,32.39,32.39,32.42,0.27,8588484
DDGSWEVIEGYR,light,31.93,32.94,,32.39,32.39,32.39,0.32,9018734
DDGSWEVIEGYR,light,31.96,33.05,,32.48,32.48,32.39,0.32,9859692
DDGSWEVIEGYR,light,32.08,33.03,,32.31,32.31,32.48,0.33,9007235
DDGSWEVIEGYR,light,31.87,32.85,,32.31,32.31,32.31,0.33,9143317
DDGSWEVIEGYR,light,31.9,32.91,,32.25,32.25,32.31,0.31,8814326
DDGSWEVIEGYR,light,31.87,32.82,,32.51,32.51,32.25,0.34,8741610
DDGSWEVIEGYR,light,32.1,33.05,,32.33,32.33,32.51,0.32,9670456
DDGSWEVIEGYR,light,31.9,32.91,,32.42,32.42,32.33,0.33,9916667
DDGSWEVIEGYR,light,31.96,32.91,,32.31,32.31,32.42,0.34,9319733
DDGSWEVIEGYR,light,31.87,32.82,,32.31,32.31,32.31,0.32,8950063
DDGSWEVIEGYR,light,32.02,32.88,,32.36,32.36,32.31,0.33,10275312
DDGSWEVIEGYR,light,31.93,32.88,,32.28,32.28,32.36,0.33,9093838
DDGSWEVIEGYR,light,31.82,32.77,,32.48,32.48,32.28,0.33,10509270
DDGSWEVIEGYR,light,32.05,33,,32.45,32.45,32.48,0.31,9022718
DDGSWEVIEGYR,light,31.99,32.97,,32.25,32.25,32.45,0.32,8872385
DDGSWEVIEGYR,light,31.87,32.88,,32.28,32.28,32.25,0.32,3094143
DDGSWEVIEGYR,light,31.87,32.8,,32.28,32.28,32.28,0.31,6027759
DDGSWEVIEGYR,light,31.82,32.88,,32.28,32.28,32.28,0.34,10162955
DDGSWEVIEGYR,light,31.85,32.74,,32.36,32.36,32.28,0.33,9207520
DDGSWEVIEGYR,light,31.9,32.91,,32.42,32.42,32.36,0.35,9794675
DDGSWEVIEGYR,light,31.96,33.08,,32.28,32.28,32.42,0.35,9626232
DDGSWEVIEGYR,light,31.85,32.74,,28.71,28.71,32.28,0.33,9207520
CAVVDVPFGGAK,light,28.33,29.2,,28.82,28.82,28.71,0.32,49242744
CAVVDVPFGGAK,light,28.45,29.31,,28.59,28.59,28.82,0.3,53316212
CAVVDVPFGGAK,light,28.19,29.08,,28.59,28.59,28.59,0.32,50248552
CAVVDVPFGGAK,light,28.19,29.11,,28.62,28.62,28.59,0.32,53865896
CAVVDVPFGGAK,light,28.28,29.14,,28.88,28.88,28.62,0.31,49522952
CAVVDVPFGGAK,light,28.48,29.37,,28.94,28.94,28.88,0.31,52744208
CAVVDVPFGGAK,light,28.56,29.43,,28.97,28.97,28.94,0.31,55682864
CAVVDVPFGGAK,light,28.59,29.46,,28.97,28.97,28.97,0.31,54087272
CAVVDVPFGGAK,light,28.59,29.46,,28.59,28.59,28.97,0.31,55412556
CAVVDVPFGGAK,light,28.22,29.11,,28.62,28.62,28.59,0.33,57255724
CAVVDVPFGGAK,light,28.22,29.11,,28.85,28.85,28.62,0.31,59493864
CAVVDVPFGGAK,light,28.45,29.34,,28.97,28.97,28.85,0.31,57221276
CAVVDVPFGGAK,light,28.56,29.43,,28.65,28.65,28.97,0.32,57336808
CAVVDVPFGGAK,light,28.28,29.2,,28.59,28.59,28.65,0.32,56001296
CAVVDVPFGGAK,light,28.16,29.05,,28.74,28.74,28.59,0.31,58529760
CAVVDVPFGGAK,light,28.36,29.23,,28.88,28.88,28.74,0.32,53813416
CAVVDVPFGGAK,light,28.45,29.37,,28.68,28.68,28.88,0.31,59258344
CAVVDVPFGGAK,light,28.28,29.14,,28.97,28.97,28.68,0.32,57026376
CAVVDVPFGGAK,light,28.56,29.43,,28.94,28.94,28.97,0.31,52837208
CAVVDVPFGGAK,light,28.56,29.43,,28.91,28.91,28.94,0.32,52615028
CAVVDVPFGGAK,light,28.51,29.37,,28.76,28.76,28.91,0.31,52164624
CAVVDVPFGGAK,light,28.39,29.28,,28.91,28.91,28.76,0.31,51825692
CAVVDVPFGGAK,light,28.51,29.37,,28.94,28.94,28.91,0.23,41090540
CAVVDVPFGGAK,light,28.53,29.43,,28.79,28.79,28.94,0.32,50729652
CAVVDVPFGGAK,light,28.42,29.31,,28.94,28.94,28.79,0.33,54408544
CAVVDVPFGGAK,light,28.51,29.4,,28.74,28.74,28.94,0.32,49490488
CAVVDVPFGGAK,light,28.33,29.23,,28.74,28.74,28.74,0.32,49279024
CAVVDVPFGGAK,light,28.33,29.23,,28.68,28.68,28.74,0.32,48145048
CAVVDVPFGGAK,light,28.3,29.17,,28.94,28.94,28.68,0.3,48558064
CAVVDVPFGGAK,light,28.53,29.43,,28.71,28.71,28.94,0.31,52650696
CAVVDVPFGGAK,light,28.3,29.17,,28.76,28.76,28.71,0.32,53189988
CAVVDVPFGGAK,light,28.36,29.28,,28.68,28.68,28.76,0.32,49377368
CAVVDVPFGGAK,light,28.28,29.17,,28.79,28.79,28.68,0.31,48503924
CAVVDVPFGGAK,light,28.45,29.31,,28.71,28.71,28.79,0.31,47591744
CAVVDVPFGGAK,light,28.3,29.2,,28.76,28.76,28.71,0.31,49079208
CAVVDVPFGGAK,light,28.39,29.25,,28.74,28.74,28.76,0.31,55474500
CAVVDVPFGGAK,light,28.36,29.28,,28.82,28.82,28.74,0.32,46940704
CAVVDVPFGGAK,light,28.42,29.31,,28.74,28.74,28.82,0.32,48237704
CAVVDVPFGGAK,light,28.3,29.2,,28.62,28.62,28.74,0.32,50105088
CAVVDVPFGGAK,light,28.22,29.11,,28.71,28.71,28.62,0.32,47395172
CAVVDVPFGGAK,light,28.28,29.2,,28.65,28.65,28.71,0.32,48542608
CAVVDVPFGGAK,light,28.25,29.14,,28.68,28.68,28.65,0.33,47387812
CAVVDVPFGGAK,light,28.25,29.14,,28.79,28.79,28.68,0.31,51877956
CAVVDVPFGGAK,light,28.39,29.31,,28.65,28.65,28.79,0.32,48570416
CAVVDVPFGGAK,light,28.25,29.14,,29.02,29.02,28.65,0.33,47387812
YNLGLDLR,light,28.62,29.48,,29.14,29.14,29.02,0.32,47565116
YNLGLDLR,light,28.76,29.63,,28.94,28.94,29.14,0.31,50889488
YNLGLDLR,light,28.53,29.4,,28.97,28.97,28.94,0.3,47268156
YNLGLDLR,light,28.53,29.43,,28.97,28.97,28.97,0.32,50508736
YNLGLDLR,light,28.56,29.43,,29.17,29.17,28.97,0.31,47339040
YNLGLDLR,light,28.76,29.63,,29.25,29.25,29.17,0.29,50999652
YNLGLDLR,light,28.82,29.69,,29.25,29.25,29.25,0.32,54561540
YNLGLDLR,light,28.85,29.69,,29.25,29.25,29.25,0.3,52215216
YNLGLDLR,light,28.85,29.69,,28.97,28.97,29.25,0.31,53171044
YNLGLDLR,light,28.53,29.46,,28.94,28.94,28.97,0.32,54546592
YNLGLDLR,light,28.56,29.46,,29.14,29.14,28.94,0.32,55502704
YNLGLDLR,light,28.74,29.6,,29.2,29.2,29.14,0.32,52665328
YNLGLDLR,light,28.82,29.66,,29.02,29.02,29.2,0.31,53479156
YNLGLDLR,light,28.59,29.48,,28.88,28.88,29.02,0.32,54855380
YNLGLDLR,light,28.48,29.37,,29.11,29.11,28.88,0.32,55549804
YNLGLDLR,light,28.94,29.54,,29.14,29.14,29.11,0.14,28049004
YNLGLDLR,light,28.76,29.66,,28.99,28.99,29.14,0.32,56087748
YNLGLDLR,light,28.59,29.46,,29.17,29.17,28.99,0.31,54754120
YNLGLDLR,light,28.82,29.66,,29.23,29.23,29.17,0.32,48846956
YNLGLDLR,light,28.82,29.69,,29.17,29.17,29.23,0.31,48320296
YNLGLDLR,light,28.76,29.63,,29.08,29.08,29.17,0.3,47552868
YNLGLDLR,light,28.68,29.54,,29.17,29.17,29.08,0.31,51858776
YNLGLDLR,light,28.79,29.66,,29.23,29.23,29.17,0.3,40826248
YNLGLDLR,light,28.79,29.66,,29.14,29.14,29.23,0.31,51997700
YNLGLDLR,light,28.71,29.6,,29.25,29.25,29.14,0.31,52684888
YNLGLDLR,light,28.82,29.69,,29.05,29.05,29.25,0.32,47110904
YNLGLDLR,light,28.65,29.51,,29.05,29.05,29.05,0.32,45807772
YNLGLDLR,light,28.65,29.51,,28.99,28.99,29.05,0.32,44459732
YNLGLDLR,light,28.59,29.48,,29.2,29.2,28.99,0.32,44277688
YNLGLDLR,light,28.79,29.66,,28.99,28.99,29.2,0.32,48555992
YNLGLDLR,light,28.62,29.48,,29.08,29.08,28.99,0.3,49869140
YNLGLDLR,light,28.68,29.57,,28.97,28.97,29.08,0.33,45105112
YNLGLDLR,light,28.56,29.46,,29.08,29.08,28.97,0.31,43973156
YNLGLDLR,light,28.68,29.54,,29.05,29.05,29.08,0.33,42260744
YNLGLDLR,light,28.65,29.51,,29.05,29.05,29.05,0.31,47481156
YNLGLDLR,light,28.65,29.51,,29.11,29.11,29.05,0.31,53010768
YNLGLDLR,light,28.71,29.57,,29.11,29.11,29.11,0.31,46568012
YNLGLDLR,light,28.74,29.63,,28.99,28.99,29.11,0.33,44576124
YNLGLDLR,light,28.62,29.48,,28.94,28.94,28.99,0.32,45806668
YNLGLDLR,light,28.53,29.43,,29.02,29.02,28.94,0.3,42066520
YNLGLDLR,light,28.62,29.48,,28.94,28.94,29.02,0.32,43763492
YNLGLDLR,light,28.53,29.43,,28.97,28.97,28.94,0.32,40621100
YNLGLDLR,light,28.56,29.46,,29.11,29.11,28.97,0.31,47645504
YNLGLDLR,light,28.68,29.6,,28.94,28.94,29.11,0.33,43087184
YNLGLDLR,light,28.53,29.43,,18.83,18.83,28.94,0.32,40621100
TAAYVNAIEK,light,18.6,19.09,,18.8,18.8,18.83,0.18,22469756
TAAYVNAIEK,light,18.57,19.09,,18.77,18.77,18.8,0.19,20801496
TAAYVNAIEK,light,18.57,19.06,,18.8,18.8,18.77,0.18,21277462
TAAYVNAIEK,light,18.57,19.09,,18.83,18.83,18.8,0.18,22276154
TAAYVNAIEK,light,18.57,19.09,,18.89,18.89,18.83,0.18,20757862
TAAYVNAIEK,light,18.66,19.15,,18.92,18.92,18.89,0.18,19974534
TAAYVNAIEK,light,18.69,19.21,,18.92,18.92,18.92,0.18,22473632
TAAYVNAIEK,light,18.66,19.21,,18.95,18.95,18.92,0.19,19872132
TAAYVNAIEK,light,18.69,19.23,,18.8,18.8,18.95,0.18,22454624
TAAYVNAIEK,light,18.57,19.09,,18.77,18.77,18.8,0.19,25403110
TAAYVNAIEK,light,18.54,19.06,,18.83,18.83,18.77,0.17,23309964
TAAYVNAIEK,light,18.57,19.09,,18.95,18.95,18.83,0.18,23380190
TAAYVNAIEK,light,18.69,19.21,,18.83,18.83,18.95,0.18,25383470
TAAYVNAIEK,light,18.63,19.15,,18.8,18.8,18.83,0.18,17498160
TAAYVNAIEK,light,18.57,19.06,,18.8,18.8,18.8,0.18,17537014
TAAYVNAIEK,light,18.57,19.09,,18.92,18.92,18.8,0.18,17590592
TAAYVNAIEK,light,18.66,19.18,,18.95,18.95,18.92,0.18,18750984
TAAYVNAIEK,light,18.69,19.23,,19.03,19.03,18.95,0.18,18208142
TAAYVNAIEK,light,18.77,19.32,,19.09,19.09,19.03,0.19,17164326
TAAYVNAIEK,light,18.83,19.41,,19.03,19.03,19.09,0.19,16827750
TAAYVNAIEK,light,18.77,19.29,,19.03,19.03,19.03,0.18,16988170
TAAYVNAIEK,light,18.77,19.29,,19.09,19.09,19.03,0.18,17246188
TAAYVNAIEK,light,18.83,19.38,,19.12,19.12,19.09,0.19,16582814
TAAYVNAIEK,light,18.86,19.38,,19,19,19.12,0.19,16784982
TAAYVNAIEK,light,18.77,19.29,,18.92,18.92,19,0.18,19404280
TAAYVNAIEK,light,18.69,19.21,,18.83,18.83,18.92,0.2,16378398
TAAYVNAIEK,light,18.57,19.09,,18.77,18.77,18.83,0.17,18370032
TAAYVNAIEK,light,18.57,19.09,,18.89,18.89,18.77,0.18,16335503
TAAYVNAIEK,light,18.63,19.15,,19.06,19.06,18.89,0.18,16325609
TAAYVNAIEK,light,18.83,19.35,,18.95,18.95,19.06,0.18,20101394
TAAYVNAIEK,light,18.72,19.23,,18.95,18.95,18.95,0.18,17350998
TAAYVNAIEK,light,18.72,19.26,,18.86,18.86,18.95,0.18,16200558
TAAYVNAIEK,light,18.63,19.15,,19,19,18.86,0.18,15761375
TAAYVNAIEK,light,18.77,19.29,,18.92,18.92,19,0.18,17997186
TAAYVNAIEK,light,18.66,19.18,,19,19,18.92,0.18,16008599
TAAYVNAIEK,light,18.77,19.29,,18.97,18.97,19,0.18,23803366
TAAYVNAIEK,light,18.74,19.29,,19,19,18.97,0.19,15193115
TAAYVNAIEK,light,18.77,19.29,,19.03,19.03,19,0.19,14667130
TAAYVNAIEK,light,18.77,19.29,,18.89,18.89,19.03,0.19,15078939
TAAYVNAIEK,light,18.66,19.21,,18.86,18.86,18.89,0.19,13078115
TAAYVNAIEK,light,18.63,19.15,,18.77,18.77,18.86,0.18,14058698
TAAYVNAIEK,light,18.51,19.06,,18.95,18.95,18.77,0.19,14112184
TAAYVNAIEK,light,18.72,19.23,,19,19,18.95,0.19,14511279
TAAYVNAIEK,light,18.77,19.29,,18.77,18.77,19,0.18,13803443
TAAYVNAIEK,light,18.51,19.06,,46.88,46.88,18.77,0.19,14112184
FFVAPFPEVFGK,light,46.5,47.39,,46.93,46.93,46.88,0.34,45602760
FFVAPFPEVFGK,light,46.47,47.37,,46.88,46.88,46.93,0.27,35566560
FFVAPFPEVFGK,light,46.47,47.42,,46.93,46.93,46.88,0.35,75932680
FFVAPFPEVFGK,light,46.53,47.39,,46.9,46.9,46.93,0.35,42728132
FFVAPFPEVFGK,light,46.5,47.48,,47.02,47.02,46.9,0.33,45227956
FFVAPFPEVFGK,light,46.67,47.6,,47.05,47.05,47.02,0.31,47571544
FFVAPFPEVFGK,light,46.67,47.6,,47.11,47.11,47.05,0.31,50785204
FFVAPFPEVFGK,light,46.7,47.65,,47.05,47.05,47.11,0.35,75423552
FFVAPFPEVFGK,light,46.67,47.62,,46.96,46.96,47.05,0.35,73847400
FFVAPFPEVFGK,light,46.53,47.42,,46.88,46.88,46.96,0.25,47423436
FFVAPFPEVFGK,light,46.44,47.48,,46.99,46.99,46.88,0.34,69410504
FFVAPFPEVFGK,light,46.65,47.62,,47.02,47.02,46.99,0.36,70255936
FFVAPFPEVFGK,light,46.65,47.57,,46.93,46.93,47.02,0.35,80757984
FFVAPFPEVFGK,light,46.5,47.51,,46.93,46.93,46.93,0.37,47260480
FFVAPFPEVFGK,light,46.47,47.42,,46.99,46.99,46.93,0.35,39373060
FFVAPFPEVFGK,light,46.59,47.48,,46.93,46.93,46.99,0.32,32859368
FFVAPFPEVFGK,light,46.73,47.54,,46.96,46.96,46.93,0.12,43599904
FFVAPFPEVFGK,light,46.62,47.51,,47.25,47.25,46.96,0.34,73333680
FFVAPFPEVFGK,light,46.9,47.8,,47.19,47.19,47.25,0.32,76762160
FFVAPFPEVFGK,light,46.85,47.62,,47.25,47.25,47.19,0.24,42682680
FFVAPFPEVFGK,light,46.82,47.74,,47.08,47.08,47.25,0.3,71248608
FFVAPFPEVFGK,light,46.67,47.65,,47.16,47.16,47.08,0.34,56699476
FFVAPFPEVFGK,light,46.79,47.71,,47.13,47.13,47.16,0.33,63796324
FFVAPFPEVFGK,light,46.76,47.71,,47.05,47.05,47.13,0.34,71346672
FFVAPFPEVFGK,light,46.65,47.6,,46.99,46.99,47.05,0.33,47421712
FFVAPFPEVFGK,light,46.59,47.54,,46.85,46.85,46.99,0.35,70973552
FFVAPFPEVFGK,light,46.41,47.37,,46.93,46.93,46.85,0.37,68644464
FFVAPFPEVFGK,light,46.53,47.48,,46.96,46.96,46.93,0.34,67139888
FFVAPFPEVFGK,light,46.56,47.51,,47.16,47.16,46.96,0.34,67550632
FFVAPFPEVFGK,light,46.79,47.74,,46.93,46.93,47.16,0.35,71082264
FFVAPFPEVFGK,light,46.56,47.42,,46.88,46.88,46.93,0.33,70535776
FFVAPFPEVFGK,light,46.47,47.42,,46.9,46.9,46.88,0.34,70486664
FFVAPFPEVFGK,light,46.5,47.45,,47.05,47.05,46.9,0.36,69651080
FFVAPFPEVFGK,light,46.67,47.6,,46.85,46.85,47.05,0.34,72288080
FFVAPFPEVFGK,light,46.53,47.39,,46.99,46.99,46.85,0.17,78471160
FFVAPFPEVFGK,light,46.33,47.65,,46.9,46.9,46.99,0.37,50479840
FFVAPFPEVFGK,light,46.53,47.51,,46.9,46.9,46.9,0.36,83416896
FFVAPFPEVFGK,light,46.53,47.48,,46.56,46.56,46.9,0.34,84028200
FFVAPFPEVFGK,light,46.24,47.22,,46.53,46.53,46.56,0.36,20989790
FFVAPFPEVFGK,light,46.1,47.13,,46.76,46.76,46.53,0.29,28105220
FFVAPFPEVFGK,light,46.36,47.34,,46.7,46.7,46.76,0.35,84887984
FFVAPFPEVFGK,light,46.3,47.25,,46.53,46.53,46.7,0.35,79135544
FFVAPFPEVFGK,light,46.13,47.13,,46.67,46.67,46.53,0.35,51411076
FFVAPFPEVFGK,light,46.33,47.37,,46.7,46.7,46.67,0.33,89583888
FFVAPFPEVFGK,light,46.3,47.25,,28.68,28.68,46.7,0.35,79135544
LVNELTEFAK,light,28.33,29.17,,28.88,28.88,28.68,0.3,40363576
LVNELTEFAK,light,28.48,29.31,,28.62,28.62,28.88,0.3,43190632
LVNELTEFAK,light,28.25,29.08,,28.62,28.62,28.62,0.32,40822232
LVNELTEFAK,light,28.25,29.11,,28.62,28.62,28.62,0.31,43657352
LVNELTEFAK,light,28.28,29.11,,28.82,28.82,28.62,0.29,40067388
LVNELTEFAK,light,28.48,29.31,,28.91,28.91,28.82,0.29,42874936
LVNELTEFAK,light,28.56,29.34,,28.94,28.94,28.91,0.28,45013228
LVNELTEFAK,light,28.56,29.4,,28.94,28.94,28.94,0.28,44163372
LVNELTEFAK,light,28.56,29.37,,28.62,28.62,28.94,0.28,45967696
LVNELTEFAK,light,28.25,29.11,,28.65,28.65,28.62,0.31,46141360
LVNELTEFAK,light,28.28,29.11,,28.82,28.82,28.65,0.3,48161972
LVNELTEFAK,light,28.48,29.28,,28.88,28.88,28.82,0.29,45880828
LVNELTEFAK,light,28.53,29.34,,28.68,28.68,28.88,0.29,47202576
LVNELTEFAK,light,28.3,29.17,,28.56,28.56,28.68,0.3,45937724
LVNELTEFAK,light,28.19,29.05,,28.71,28.71,28.56,0.3,48259556
LVNELTEFAK,light,28.36,29.23,,28.85,28.85,28.71,0.31,45065240
LVNELTEFAK,light,28.48,29.31,,28.65,28.65,28.85,0.29,48351600
LVNELTEFAK,light,28.3,29.11,,28.88,28.88,28.65,0.3,46933792
LVNELTEFAK,light,28.53,29.34,,28.88,28.88,28.88,0.28,43224764
LVNELTEFAK,light,28.53,29.34,,28.82,28.82,28.88,0.28,41909456
LVNELTEFAK,light,28.48,29.28,,28.74,28.74,28.82,0.29,42780724
LVNELTEFAK,light,28.42,29.23,,28.88,28.88,28.74,0.29,42252344
LVNELTEFAK,light,28.51,29.31,,28.85,28.85,28.88,0.26,34139080
LVNELTEFAK,light,28.51,29.31,,28.76,28.76,28.85,0.29,41328748
LVNELTEFAK,light,28.42,29.25,,28.88,28.88,28.76,0.3,43869272
LVNELTEFAK,light,28.53,29.4,,28.71,28.71,28.88,0.31,39852424
LVNELTEFAK,light,28.36,29.2,,28.74,28.74,28.71,0.29,39490736
LVNELTEFAK,light,28.36,29.2,,28.68,28.68,28.74,0.3,38696400
LVNELTEFAK,light,28.3,29.14,,28.85,28.85,28.68,0.3,39268380
LVNELTEFAK,light,28.51,29.37,,28.65,28.65,28.85,0.29,42755340
LVNELTEFAK,light,28.3,29.14,,28.74,28.74,28.65,0.3,42633888
LVNELTEFAK,light,28.39,29.23,,28.62,28.62,28.74,0.3,39866336
LVNELTEFAK,light,28.28,29.08,,28.74,28.74,28.62,0.29,39312420
LVNELTEFAK,light,28.39,29.2,,28.71,28.71,28.74,0.28,38232480
LVNELTEFAK,light,28.36,29.2,,28.74,28.74,28.71,0.3,39055440
LVNELTEFAK,light,28.39,29.17,,28.76,28.76,28.74,0.27,43548408
LVNELTEFAK,light,28.39,29.23,,28.79,28.79,28.76,0.3,37275480
LVNELTEFAK,light,28.42,29.28,,28.71,28.71,28.79,0.29,38629384
LVNELTEFAK,light,28.33,29.17,,28.59,28.59,28.71,0.31,37940116
LVNELTEFAK,light,28.25,29.11,,28.71,28.71,28.59,0.3,36746184
LVNELTEFAK,light,28.33,29.17,,28.62,28.62,28.71,0.3,37946336
LVNELTEFAK,light,28.25,29.05,,28.62,28.62,28.62,0.3,36705236
LVNELTEFAK,light,28.28,29.08,,28.74,28.74,28.62,0.29,40302616
LVNELTEFAK,light,28.39,29.23,,28.62,28.62,28.74,0.29,37338612
LVNELTEFAK,light,28.25,29.05,,30.03,30.03,28.62,0.3,36705236
SLHTLFGDELCK,light,29.69,30.58,,30.2,30.2,30.03,0.31,3192631
SLHTLFGDELCK,light,29.8,30.64,,29.95,29.95,30.2,0.27,3874242
SLHTLFGDELCK,light,29.6,30.55,,30.03,30.03,29.95,0.29,3235056
SLHTLFGDELCK,light,29.6,30.52,,30,30,30.03,0.29,3860399
SLHTLFGDELCK,light,29.63,30.49,,30.18,30.18,30,0.31,3942028
SLHTLFGDELCK,light,29.8,30.64,,30.2,30.2,30.18,0.29,4442319
SLHTLFGDELCK,light,29.86,30.75,,30.23,30.23,30.2,0.3,4563974
SLHTLFGDELCK,light,29.86,30.75,,30.18,30.18,30.23,0.3,4204363
SLHTLFGDELCK,light,29.83,30.72,,30.03,30.03,30.18,0.31,4313811
SLHTLFGDELCK,light,29.6,30.55,,30.03,30.03,30.03,0.33,4396234
SLHTLFGDELCK,light,29.6,30.55,,30.12,30.12,30.03,0.32,4219552
SLHTLFGDELCK,light,29.77,30.72,,30.18,30.18,30.12,0.31,4420415
SLHTLFGDELCK,light,29.8,30.64,,30.09,30.09,30.18,0.32,4450810
SLHTLFGDELCK,light,29.69,30.64,,29.97,29.97,30.09,0.34,3770802
SLHTLFGDELCK,light,29.57,30.46,,30.12,30.12,29.97,0.33,3921131
SLHTLFGDELCK,light,29.69,30.55,,30.2,30.2,30.12,0.3,4117603
SLHTLFGDELCK,light,29.77,30.75,,30,30,30.2,0.32,3925362
SLHTLFGDELCK,light,29.63,30.46,,30.12,30.12,30,0.31,3530390
SLHTLFGDELCK,light,29.71,30.66,,30.18,30.18,30.12,0.34,3762071
SLHTLFGDELCK,light,29.77,30.64,,30.15,30.15,30.18,0.32,3525555
SLHTLFGDELCK,light,29.74,30.64,,30.06,30.06,30.15,0.31,3657020
SLHTLFGDELCK,light,29.63,30.55,,30.2,30.2,30.06,0.31,3808553
SLHTLFGDELCK,light,29.71,30.66,,30.2,30.2,30.2,0.27,3363819
SLHTLFGDELCK,light,29.8,30.61,,30.18,30.18,30.2,0.32,3378239
SLHTLFGDELCK,light,29.69,30.61,,30.23,30.23,30.18,0.3,3892884
SLHTLFGDELCK,light,29.95,30.72,,30.09,30.09,30.23,0.31,3749205
SLHTLFGDELCK,light,29.69,30.55,,30.12,30.12,30.09,0.31,3671362
SLHTLFGDELCK,light,29.69,30.58,,30,30,30.12,0.31,3610106
SLHTLFGDELCK,light,29.57,30.46,,30.2,30.2,30,0.33,3454891
SLHTLFGDELCK,light,29.8,30.72,,30.06,30.06,30.2,0.32,3953253
SLHTLFGDELCK,light,29.54,30.52,,30.12,30.12,30.06,0.32,3813025
SLHTLFGDELCK,light,29.74,30.55,,30,30,30.12,0.31,3723398
SLHTLFGDELCK,light,29.57,30.43,,30.03,30.03,30,0.33,3721141
SLHTLFGDELCK,light,29.66,30.52,,30.06,30.06,30.03,0.31,3606543
SLHTLFGDELCK,light,29.69,30.49,,30.03,30.03,30.06,0.31,3868520
SLHTLFGDELCK,light,29.6,30.55,,30.09,30.09,30.03,0.32,4479787
SLHTLFGDELCK,light,29.69,30.61,,30.18,30.18,30.09,0.35,4052114
SLHTLFGDELCK,light,29.74,30.64,,30,30,30.18,0.31,3875453
SLHTLFGDELCK,light,29.63,30.52,,29.97,29.97,30,0.31,4071564
SLHTLFGDELCK,light,29.54,30.41,,30.06,30.06,29.97,0.31,3844415
SLHTLFGDELCK,light,29.66,30.46,,29.92,29.92,30.06,0.3,4146681
SLHTLFGDELCK,light,29.54,30.41,,29.95,29.95,29.92,0.32,4143349
SLHTLFGDELCK,light,29.57,30.41,,30.15,30.15,29.95,0.32,4061368
SLHTLFGDELCK,light,29.69,30.61,,29.92,29.92,30.15,0.32,4508453
SLHTLFGDELCK,light,29.54,30.41,,22.2,22.2,29.92,0.32,4143349
YNGVFQECCQAEDK,light,21.8,22.6,,22.26,22.26,22.2,0.34,608236
YNGVFQECCQAEDK,light,21.8,22.63,,22.17,22.17,22.26,0.3,632697
YNGVFQECCQAEDK,light,21.62,22.75,,22.26,22.26,22.17,0.28,637093
YNGVFQECCQAEDK,light,21.6,22.66,,22.14,22.14,22.26,0.34,656184
YNGVFQECCQAEDK,light,21.65,22.63,,22.34,22.34,22.14,0.27,637619
YNGVFQECCQAEDK,light,21.91,22.72,,22.37,22.37,22.34,0.27,631574
YNGVFQECCQAEDK,light,22,22.72,,22.37,22.37,22.37,0.28,666468
YNGVFQECCQAEDK,light,22,22.75,,22.4,22.4,22.37,0.28,641153
YNGVFQECCQAEDK,light,22.03,22.78,,22.23,22.23,22.4,0.27,634975
YNGVFQECCQAEDK,light,21.83,22.57,,22.17,22.17,22.23,0.27,752396
YNGVFQECCQAEDK,light,21.77,22.52,,22.29,22.29,22.17,0.27,721157
YNGVFQECCQAEDK,light,21.83,22.69,,22.4,22.4,22.29,0.26,688804
YNGVFQECCQAEDK,light,22,22.78,,22.23,22.23,22.4,0.29,708370
YNGVFQECCQAEDK,light,21.83,22.66,,22.2,22.2,22.23,0.27,629359
YNGVFQECCQAEDK,light,21.83,22.55,,22.14,22.14,22.2,0.26,587367
YNGVFQECCQAEDK,light,21.77,22.72,,22.29,22.29,22.14,0.3,574455
YNGVFQECCQAEDK,light,21.94,22.69,,22.34,22.34,22.29,0.29,630020
YNGVFQECCQAEDK,light,21.94,22.75,,22.43,22.43,22.34,0.27,562752
YNGVFQECCQAEDK,light,22.03,22.78,,22.52,22.52,22.43,0.29,584172
YNGVFQECCQAEDK,light,22.08,23.03,,22.43,22.43,22.52,0.27,593320
YNGVFQECCQAEDK,light,22.06,22.86,,22.4,22.4,22.43,0.26,591389
YNGVFQECCQAEDK,light,21.97,22.8,,22.52,22.52,22.4,0.27,579418
YNGVFQECCQAEDK,light,22.17,22.92,,22.43,22.43,22.52,0.26,560680
YNGVFQECCQAEDK,light,22.14,22.8,,22.37,22.37,22.43,0.29,553115
YNGVFQECCQAEDK,light,21.85,22.75,,22.37,22.37,22.37,0.26,592944
YNGVFQECCQAEDK,light,22.03,22.78,,22.26,22.26,22.37,0.28,525362
YNGVFQECCQAEDK,light,21.83,22.63,,22.14,22.14,22.26,0.28,518245
YNGVFQECCQAEDK,light,21.74,22.55,,22.29,22.29,22.14,0.26,486621
YNGVFQECCQAEDK,light,21.8,22.72,,22.49,22.49,22.29,0.28,486848
YNGVFQECCQAEDK,light,21.94,22.92,,22.34,22.34,22.49,0.26,574323
YNGVFQECCQAEDK,light,21.94,22.75,,22.37,22.37,22.34,0.29,552337
YNGVFQECCQAEDK,light,21.91,22.89,,22.26,22.26,22.37,0.28,559163
YNGVFQECCQAEDK,light,21.74,22.69,,22.34,22.34,22.26,0.27,522081
YNGVFQECCQAEDK,light,21.88,22.78,,22.4,22.4,22.34,0.27,549627
YNGVFQECCQAEDK,light,21.91,22.78,,22.4,22.4,22.4,0.23,485811
YNGVFQECCQAEDK,light,21.88,22.83,,22.37,22.37,22.4,0.24,564470
YNGVFQECCQAEDK,light,22.03,22.83,,22.43,22.43,22.37,0.29,490077
YNGVFQECCQAEDK,light,21.88,22.86,,22.37,22.37,22.43,0.26,513273
YNGVFQECCQAEDK,light,22.08,22.83,,22.31,22.31,22.37,0.27,483568
YNGVFQECCQAEDK,light,21.8,22.78,,22.2,22.2,22.31,0.27,471069
YNGVFQECCQAEDK,light,21.83,22.78,,22.2,22.2,22.2,0.28,496039
YNGVFQECCQAEDK,light,21.77,22.69,,22.23,22.23,22.2,0.26,509139
YNGVFQECCQAEDK,light,21.85,22.63,,22.34,22.34,22.23,0.27,508188
YNGVFQECCQAEDK,light,21.91,22.8,,22.2,22.2,22.34,0.28,472083
YNGVFQECCQAEDK,light,21.77,22.69,,21.34,21.34,22.2,0.26,509139
HLVDEPQNLIK,light,21.05,21.68,,21.39,21.39,21.34,0.23,4917036
HLVDEPQNLIK,light,21.13,21.74,,21.28,21.28,21.39,0.25,5191966
HLVDEPQNLIK,light,20.99,21.59,,21.28,21.28,21.28,0.22,5543847
HLVDEPQNLIK,light,21.02,21.68,,21.34,21.34,21.28,0.22,5074872
HLVDEPQNLIK,light,21.02,21.65,,21.45,21.45,21.34,0.23,5219599
HLVDEPQNLIK,light,21.16,21.8,,21.54,21.54,21.45,0.25,5288635
HLVDEPQNLIK,light,21.25,21.88,,21.54,21.54,21.54,0.23,5611004
HLVDEPQNLIK,light,21.28,21.97,,21.57,21.57,21.54,0.23,5546785
HLVDEPQNLIK,light,21.34,21.97,,21.28,21.28,21.57,0.23,5584431
HLVDEPQNLIK,light,21.02,21.65,,21.19,21.19,21.28,0.23,5820689
HLVDEPQNLIK,light,20.96,21.59,,21.42,21.42,21.19,0.24,5891295
HLVDEPQNLIK,light,21.13,21.8,,21.54,21.54,21.42,0.24,5619186
HLVDEPQNLIK,light,21.25,21.91,,21.36,21.36,21.54,0.25,6020554
HLVDEPQNLIK,light,21.08,21.74,,21.28,21.28,21.36,0.23,4408930
HLVDEPQNLIK,light,20.99,21.65,,21.31,21.31,21.28,0.23,4550331
HLVDEPQNLIK,light,21.05,21.71,,21.45,21.45,21.31,0.22,4428028
HLVDEPQNLIK,light,21.16,21.77,,21.45,21.45,21.45,0.22,4551445
HLVDEPQNLIK,light,21.19,21.83,,21.68,21.68,21.45,0.23,4420252
HLVDEPQNLIK,light,21.42,22.03,,21.71,21.71,21.68,0.22,4269880
HLVDEPQNLIK,light,21.42,22.08,,21.59,21.59,21.71,0.22,4215577
HLVDEPQNLIK,light,21.34,21.97,,21.54,21.54,21.59,0.22,4377054
HLVDEPQNLIK,light,21.28,21.91,,21.62,21.62,21.54,0.23,4124601
HLVDEPQNLIK,light,21.36,21.97,,21.68,21.68,21.62,0.22,3987535
HLVDEPQNLIK,light,21.39,22.03,,21.51,21.51,21.68,0.22,3948699
HLVDEPQNLIK,light,21.25,21.88,,21.51,21.51,21.51,0.22,4179827
HLVDEPQNLIK,light,21.19,21.91,,21.31,21.31,21.51,0.23,4287028
HLVDEPQNLIK,light,21.08,21.68,,21.22,21.22,21.31,0.22,3983304
HLVDEPQNLIK,light,20.93,21.59,,21.39,21.39,21.22,0.25,3911630
HLVDEPQNLIK,light,21.11,21.77,,21.65,21.65,21.39,0.22,3908522
HLVDEPQNLIK,light,21.36,21.97,,21.45,21.45,21.65,0.23,4348139
HLVDEPQNLIK,light,21.16,21.8,,21.48,21.48,21.45,0.23,4358767
HLVDEPQNLIK,light,21.16,21.91,,21.28,21.28,21.48,0.23,4126042
HLVDEPQNLIK,light,20.99,21.68,,21.57,21.57,21.28,0.27,3908435
HLVDEPQNLIK,light,21.28,21.91,,21.42,21.42,21.57,0.22,4163307
HLVDEPQNLIK,light,21.13,21.77,,21.45,21.45,21.42,0.22,3819274
HLVDEPQNLIK,light,21.19,21.85,,21.48,21.48,21.45,0.23,5663097
HLVDEPQNLIK,light,21.22,21.83,,21.48,21.48,21.48,0.23,3912237
HLVDEPQNLIK,light,21.19,21.8,,21.42,21.42,21.48,0.21,3926147
HLVDEPQNLIK,light,21.16,21.83,,21.36,21.36,21.42,0.23,4195728
HLVDEPQNLIK,light,21.08,21.74,,21.34,21.34,21.36,0.22,4096102
HLVDEPQNLIK,light,21.08,21.71,,21.25,21.25,21.34,0.23,4204536
HLVDEPQNLIK,light,20.99,21.65,,21.39,21.39,21.25,0.23,4286372
HLVDEPQNLIK,light,21.11,21.77,,21.48,21.48,21.39,0.22,4368358
HLVDEPQNLIK,light,21.19,21.85,,21.25,21.25,21.48,0.21,4475334
HLVDEPQNLIK,light,20.99,21.65,,21.25,21.25,21.25,0.23,4286372