Acquired Time,Precursor,Min Start Time,Max End Time,Annotations,Best RT,Max FWHM,Total Area
10/29/11 7:50,VLVLDTDYK,30.26,30.93,,30.52,0.25,63094296
10/29/11 9:12,VLVLDTDYK,30.36,30.98,,30.59,0.24,65322300
10/29/11 10:34,VLVLDTDYK,30.23,30.91,,30.52,0.24,60898752
10/29/11 11:55,VLVLDTDYK,30.21,30.85,,30.44,0.24,64860104
10/29/11 13:17,VLVLDTDYK,30.23,30.85,,30.52,0.24,61459152
10/30/11 3:19,VLVLDTDYK,30.02,30.65,,30.28,0.23,59681000
10/30/11 4:41,VLVLDTDYK,30.1,30.72,,30.36,0.24,59373904
10/30/11 6:03,VLVLDTDYK,30.13,30.75,,30.39,0.22,61733500
10/30/11 7:24,VLVLDTDYK,30.05,30.67,,30.31,0.23,63952200
10/30/11 8:46,VLVLDTDYK,30.1,30.72,,30.39,0.22,62159152
10/31/11 1:10,VLVLDTDYK,29.92,30.57,,30.18,0.24,57558652
10/31/11 13:27,VLVLDTDYK,30.28,30.91,,30.54,0.23,61462800
10/31/11 14:49,VLVLDTDYK,30.28,30.93,,30.52,0.24,62158704
10/31/11 16:11,VLVLDTDYK,30.26,30.88,,30.52,0.23,58902696
11/1/11 3:07,VLVLDTDYK,30.23,30.88,,30.49,0.24,53290900
11/1/11 12:40,VLVLDTDYK,30.1,30.7,,30.34,0.22,60640248
11/1/11 22:14,VLVLDTDYK,29.69,30.31,,29.95,0.22,52886348
11/1/11 23:36,VLVLDTDYK,29.69,30.31,,29.95,0.22,54042600
11/2/11 0:58,VLVLDTDYK,29.82,30.44,,30.08,0.21,52407800
11/2/11 2:20,VLVLDTDYK,29.82,30.41,,30.08,0.22,48375200
11/2/11 3:42,VLVLDTDYK,29.87,30.52,,30.15,0.23,52564152
11/2/11 5:03,VLVLDTDYK,29.82,30.41,,30.08,0.22,51765944
11/2/11 6:25,VLVLDTDYK,30,30.62,,30.26,0.22,51124704
11/2/11 7:47,VLVLDTDYK,30.05,30.65,,30.28,0.22,54251500
11/2/11 9:09,VLVLDTDYK,30.13,30.72,,30.39,0.22,54317196
11/2/11 10:31,VLVLDTDYK,30.05,30.65,,30.28,0.22,54609252
11/2/11 11:53,VLVLDTDYK,30.15,30.75,,30.41,0.22,61212652
11/2/11 13:15,VLVLDTDYK,30.08,30.72,,30.36,0.23,61874348
11/2/11 14:37,VLVLDTDYK,30.23,30.85,,30.49,0.22,61855000
11/2/11 21:27,VLVLDTDYK,30.02,30.75,,30.31,0.25,58186652
11/2/11 22:49,VLVLDTDYK,30.13,30.8,,30.39,0.25,56189652
11/3/11 0:11,VLVLDTDYK,30.18,30.83,,30.44,0.23,57299448
11/3/11 1:33,VLVLDTDYK,30.23,30.85,,30.47,0.22,56007500
11/3/11 2:54,VLVLDTDYK,30.1,30.75,,30.34,0.24,53622000
11/3/11 4:16,VLVLDTDYK,29.92,30.57,,30.18,0.23,55481352
11/3/11 8:22,VLVLDTDYK,30.26,30.85,,30.52,0.22,57339396
11/3/11 20:40,VLVLDTDYK,29.95,30.62,,30.23,0.24,59973248
11/3/11 22:02,VLVLDTDYK,30.15,30.78,,30.39,0.23,59721704
11/3/11 23:24,VLVLDTDYK,30.15,30.78,,30.39,0.23,58550352
11/4/11 10:19,VLVLDTDYK,29.64,30.21,,29.87,0.22,58680952
11/4/11 19:53,VLVLDTDYK,29.82,30.44,,30.08,0.22,58661096
11/5/11 5:27,VLVLDTDYK,29.87,30.49,,30.13,0.23,54316948
11/5/11 8:15,VLVLDTDYK,29.82,30.41,,30.05,0.22,58905648
11/5/11 17:49,VLVLDTDYK,29.9,30.54,,30.18,0.23,57153704
11/5/11 19:11,VLVLDTDYK,29.84,30.47,,30.13,0.22,58227352
11/5/11 20:33,VLVLDTDYK,29.69,30.36,,29.97,0.23,54938896
11/6/11 3:44,VLVLDTDYK,29.84,30.54,,30.13,0.24,55518348
11/6/11 5:06,VLVLDTDYK,30.02,30.67,,30.28,0.22,56586600
11/6/11 6:28,VLVLDTDYK,30.1,30.72,,30.36,0.22,58101352
11/7/11 0:13,VLVLDTDYK,30.67,31.35,,30.96,0.23,49968496
11/6/11 7:50,VLVLDTDYK,30.08,30.7,,30.31,0.22,59220552
11/6/11 9:12,VLVLDTDYK,30.18,30.83,,30.44,0.22,60126104
11/6/11 10:34,VLVLDTDYK,30.36,31.01,,30.62,0.23,60266400
11/6/11 11:56,VLVLDTDYK,30.34,30.96,,30.59,0.22,58665248
11/6/11 13:18,VLVLDTDYK,30.39,30.98,,30.65,0.22,55952148
11/6/11 14:40,VLVLDTDYK,30.31,30.96,,30.57,0.22,57549096
11/6/11 16:02,VLVLDTDYK,30.34,30.98,,30.59,0.23,57498948
11/6/11 17:24,VLVLDTDYK,30.41,31.04,,30.72,0.23,56091852
11/7/11 12:31,VLVLDTDYK,30.26,30.91,,30.52,0.22,59670952
11/7/11 13:53,VLVLDTDYK,30.34,30.96,,30.62,0.23,56273252
11/7/11 16:37,VLVLDTDYK,30.31,30.93,,30.57,0.22,53620400
11/7/11 19:21,VLVLDTDYK,30.26,30.93,,30.54,0.23,49244548
11/8/11 2:10,VLVLDTDYK,30.21,30.85,,30.49,0.23,47786952
11/8/11 14:28,VLVLDTDYK,30.52,31.16,,30.8,0.23,57679748
11/8/11 15:50,VLVLDTDYK,30.15,30.8,,30.44,0.22,53150848
11/8/11 18:34,VLVLDTDYK,30.49,31.11,,30.75,0.22,46383504
11/8/11 19:56,VLVLDTDYK,30.28,30.93,,30.54,0.22,48564352
11/9/11 6:52,VLVLDTDYK,30.26,30.88,,30.49,0.22,48182048
11/9/11 16:25,VLVLDTDYK,30.7,31.35,,30.96,0.22,47329148
11/10/11 1:59,VLVLDTDYK,31.09,31.73,,31.35,0.22,41597048
11/10/11 7:27,VLVLDTDYK,30.67,31.27,,30.91,0.2,43647648
11/10/11 8:49,VLVLDTDYK,30.49,31.14,,30.75,0.22,47168352
11/10/11 10:11,VLVLDTDYK,30.26,30.85,,30.52,0.21,48009448
11/10/11 12:54,VLVLDTDYK,30.39,31.04,,30.65,0.22,49594000
11/10/11 14:16,VLVLDTDYK,30.23,30.85,,30.49,0.22,50565000
11/10/11 17:00,VLVLDTDYK,30.47,31.06,,30.72,0.21,47129400
11/10/11 23:50,VLVLDTDYK,30.34,30.98,,30.59,0.22,40362600
11/11/11 12:08,VLVLDTDYK,29.46,30.08,,29.71,0.21,48336152
11/11/11 13:30,VLVLDTDYK,29.58,30.21,,29.84,0.21,46272200
11/12/11 4:31,VLVLDTDYK,29.92,30.54,,30.18,0.23,44256352
11/12/11 5:53,VLVLDTDYK,29.71,30.34,,30,0.22,39458200
11/12/11 8:37,VLVLDTDYK,29.64,30.26,,29.9,0.22,48641300
11/15/11 17:15,VLVLDTDYK,30.41,31.04,,30.67,0.22,40181296
11/15/11 18:36,VLVLDTDYK,30.36,30.96,,30.62,0.22,38017900
11/15/11 19:58,VLVLDTDYK,30.23,30.83,,30.47,0.22,36937904
11/15/11 21:20,VLVLDTDYK,30.36,31.01,,30.65,0.23,34823952
11/15/11 22:42,VLVLDTDYK,30.49,31.09,,30.72,0.22,31010250
11/16/11 0:04,VLVLDTDYK,30.52,31.16,,30.78,0.23,34010952
11/16/11 1:26,VLVLDTDYK,30.49,31.16,,30.78,0.25,35211952
10/29/11 7:50,DGGIDPLVR,28.63,29.22,,28.91,0.21,17221150
10/29/11 9:12,DGGIDPLVR,28.7,29.33,,29.01,0.22,18683500
10/29/11 10:34,DGGIDPLVR,28.55,29.17,,28.86,0.22,17078600
10/29/11 11:55,DGGIDPLVR,28.57,29.2,,28.86,0.22,18438850
10/29/11 13:17,DGGIDPLVR,28.6,29.2,,28.91,0.22,17235150
10/30/11 3:19,DGGIDPLVR,28.32,28.96,,28.63,0.23,15914950
10/30/11 4:41,DGGIDPLVR,28.39,29.01,,28.7,0.21,16043250
10/30/11 6:03,DGGIDPLVR,28.5,29.09,,28.78,0.21,16329550
10/30/11 7:24,DGGIDPLVR,28.47,29.04,,28.73,0.2,16730800
10/30/11 8:46,DGGIDPLVR,28.44,29.09,,28.76,0.21,16356550
10/31/11 1:10,DGGIDPLVR,28.24,28.86,,28.55,0.21,15968850
10/31/11 13:27,DGGIDPLVR,28.65,29.25,,28.94,0.22,16664200
10/31/11 14:49,DGGIDPLVR,28.68,29.27,,28.96,0.21,17321300
10/31/11 16:11,DGGIDPLVR,28.63,29.25,,28.91,0.22,16666450
11/1/11 3:07,DGGIDPLVR,28.6,29.2,,28.91,0.21,16071450
11/1/11 12:40,DGGIDPLVR,28.55,29.14,,28.86,0.21,16998000
11/1/11 22:14,DGGIDPLVR,28.13,28.73,,28.42,0.21,16236350
11/1/11 23:36,DGGIDPLVR,28.11,28.7,,28.42,0.21,16394400
11/2/11 0:58,DGGIDPLVR,28.21,28.83,,28.52,0.21,16243450
11/2/11 2:20,DGGIDPLVR,28.24,28.83,,28.52,0.22,15095600
11/2/11 3:42,DGGIDPLVR,28.19,28.83,,28.5,0.23,16768250
11/2/11 5:03,DGGIDPLVR,28.29,28.86,,28.55,0.21,16575600
11/2/11 6:25,DGGIDPLVR,28.42,29.01,,28.7,0.21,15846400
11/2/11 7:47,DGGIDPLVR,28.5,29.09,,28.78,0.21,16372850
11/2/11 9:09,DGGIDPLVR,28.57,29.14,,28.86,0.2,16153350
11/2/11 10:31,DGGIDPLVR,28.52,29.09,,28.78,0.2,15682650
11/2/11 11:53,DGGIDPLVR,28.6,29.2,,28.86,0.22,18051850
11/2/11 13:15,DGGIDPLVR,28.52,29.09,,28.81,0.2,17869750
11/2/11 14:37,DGGIDPLVR,28.68,29.27,,28.96,0.21,17991550
11/2/11 21:27,DGGIDPLVR,28.47,29.07,,28.76,0.21,18005750
11/2/11 22:49,DGGIDPLVR,28.52,29.12,,28.81,0.21,16944800
11/3/11 0:11,DGGIDPLVR,28.6,29.22,,28.91,0.21,17897700
11/3/11 1:33,DGGIDPLVR,28.65,29.27,,28.96,0.21,17814650
11/3/11 2:54,DGGIDPLVR,28.55,29.12,,28.83,0.2,16899150
11/3/11 4:16,DGGIDPLVR,28.42,28.99,,28.7,0.21,17583250
11/3/11 8:22,DGGIDPLVR,28.73,29.3,,29.01,0.2,17815200
11/3/11 20:40,DGGIDPLVR,28.39,28.99,,28.7,0.2,17394950
11/3/11 22:02,DGGIDPLVR,28.57,29.2,,28.86,0.22,17918750
11/3/11 23:24,DGGIDPLVR,28.55,29.14,,28.83,0.21,17682150
11/4/11 10:19,DGGIDPLVR,28.13,28.7,,28.42,0.21,17185650
11/4/11 19:53,DGGIDPLVR,28.29,28.86,,28.57,0.21,18409500
11/5/11 5:27,DGGIDPLVR,28.29,28.89,,28.55,0.21,17973900
11/5/11 8:15,DGGIDPLVR,28.21,28.81,,28.5,0.21,17956350
11/5/11 17:49,DGGIDPLVR,28.32,28.94,,28.63,0.22,18675900
11/5/11 19:11,DGGIDPLVR,28.29,28.89,,28.57,0.22,18798600
11/5/11 20:33,DGGIDPLVR,28.13,28.73,,28.44,0.21,18091050
11/6/11 3:44,DGGIDPLVR,28.21,28.83,,28.5,0.22,18505950
11/6/11 5:06,DGGIDPLVR,28.5,29.09,,28.78,0.21,18877300
11/6/11 6:28,DGGIDPLVR,28.57,29.17,,28.86,0.22,18827500
11/7/11 0:13,DGGIDPLVR,29.07,29.69,,29.38,0.23,17803850
11/6/11 7:50,DGGIDPLVR,28.52,29.12,,28.81,0.22,18975300
11/6/11 9:12,DGGIDPLVR,28.63,29.25,,28.91,0.23,19194750
11/6/11 10:34,DGGIDPLVR,28.81,29.43,,29.09,0.21,19089350
11/6/11 11:56,DGGIDPLVR,28.81,29.38,,29.09,0.2,18554550
11/6/11 13:18,DGGIDPLVR,28.81,29.43,,29.12,0.21,17895600
11/6/11 14:40,DGGIDPLVR,28.76,29.38,,29.07,0.21,18453400
11/6/11 16:02,DGGIDPLVR,28.81,29.38,,29.09,0.21,18499600
11/6/11 17:24,DGGIDPLVR,28.86,29.45,,29.14,0.21,17914350
11/7/11 12:31,DGGIDPLVR,28.68,29.27,,28.94,0.21,18094450
11/7/11 13:53,DGGIDPLVR,28.73,29.35,,29.04,0.21,17735500
11/7/11 16:37,DGGIDPLVR,28.76,29.35,,29.07,0.21,17614950
11/7/11 19:21,DGGIDPLVR,28.65,29.27,,28.94,0.22,16715450
11/8/11 2:10,DGGIDPLVR,28.65,29.25,,28.96,0.22,17451500
11/8/11 14:28,DGGIDPLVR,28.91,29.51,,29.2,0.22,17723200
11/8/11 15:50,DGGIDPLVR,28.63,29.25,,28.91,0.21,17244400
11/8/11 18:34,DGGIDPLVR,28.89,29.48,,29.17,0.22,15642350
11/8/11 19:56,DGGIDPLVR,28.73,29.35,,29.01,0.21,16668550
11/9/11 6:52,DGGIDPLVR,28.7,29.3,,29.01,0.21,16912150
11/9/11 16:25,DGGIDPLVR,29.22,29.82,,29.51,0.21,17015000
11/10/11 1:59,DGGIDPLVR,29.51,30.13,,29.82,0.22,15731400
11/10/11 7:27,DGGIDPLVR,29.17,29.74,,29.46,0.2,15789500
11/10/11 8:49,DGGIDPLVR,29.04,29.61,,29.3,0.2,15781750
11/10/11 10:11,DGGIDPLVR,28.81,29.38,,29.07,0.2,15165300
11/10/11 12:54,DGGIDPLVR,28.89,29.48,,29.14,0.22,16725900
11/10/11 14:16,DGGIDPLVR,28.7,29.33,,28.99,0.22,16885250
11/10/11 17:00,DGGIDPLVR,28.91,29.53,,29.2,0.22,16981000
11/10/11 23:50,DGGIDPLVR,28.78,29.38,,29.07,0.22,15405850
11/11/11 12:08,DGGIDPLVR,27.9,28.52,,28.19,0.22,16226900
11/11/11 13:30,DGGIDPLVR,28.08,28.68,,28.37,0.22,15800500
11/12/11 4:31,DGGIDPLVR,28.34,28.96,,28.65,0.21,16818600
11/12/11 5:53,DGGIDPLVR,28.24,28.78,,28.5,0.19,13275350
11/12/11 8:37,DGGIDPLVR,28.08,28.65,,28.37,0.21,17402750
11/15/11 17:15,DGGIDPLVR,28.78,29.43,,29.12,0.22,12869250
11/15/11 18:36,DGGIDPLVR,28.76,29.38,,29.04,0.21,12545600
11/15/11 19:58,DGGIDPLVR,28.68,29.27,,28.96,0.22,12489300
11/15/11 21:20,DGGIDPLVR,28.78,29.38,,29.09,0.22,11556650
11/15/11 22:42,DGGIDPLVR,28.83,29.46,,29.14,0.21,10141050
11/16/11 0:04,DGGIDPLVR,28.91,29.53,,29.22,0.22,11702500
11/16/11 1:26,DGGIDPLVR,28.89,29.53,,29.2,0.22,12260600
10/29/11 7:50,GFCGLSQPK,25.93,26.53,,26.16,0.21,8735750
10/29/11 9:12,GFCGLSQPK,26.04,26.63,,26.27,0.21,9318250
10/29/11 10:34,GFCGLSQPK,25.91,26.5,,26.14,0.21,8546150
10/29/11 11:55,GFCGLSQPK,25.93,26.5,,26.16,0.21,9141450
10/29/11 13:17,GFCGLSQPK,25.93,26.53,,26.16,0.21,8659500
10/30/11 3:19,GFCGLSQPK,25.62,26.22,,25.88,0.2,8286900
10/30/11 4:41,GFCGLSQPK,25.65,26.24,,25.88,0.2,8283500
10/30/11 6:03,GFCGLSQPK,25.67,26.27,,25.93,0.22,8085400
10/30/11 7:24,GFCGLSQPK,25.7,26.29,,25.96,0.21,8677700
10/30/11 8:46,GFCGLSQPK,25.6,26.19,,25.85,0.21,8385900
10/31/11 1:10,GFCGLSQPK,25.57,26.16,,25.83,0.2,8156700
10/31/11 13:27,GFCGLSQPK,25.88,26.45,,26.14,0.21,8512000
10/31/11 14:49,GFCGLSQPK,25.88,26.5,,26.14,0.22,8543150
10/31/11 16:11,GFCGLSQPK,25.78,26.37,,26.04,0.21,8310150
11/1/11 3:07,GFCGLSQPK,25.93,26.53,,26.22,0.21,8024850
11/1/11 12:40,GFCGLSQPK,25.8,26.37,,26.09,0.2,7906400
11/1/11 22:14,GFCGLSQPK,25.49,26.11,,25.75,0.21,8059150
11/1/11 23:36,GFCGLSQPK,25.49,26.09,,25.75,0.19,8176250
11/2/11 0:58,GFCGLSQPK,25.6,26.19,,25.85,0.22,7999050
11/2/11 2:20,GFCGLSQPK,25.62,26.24,,25.88,0.21,7632500
11/2/11 3:42,GFCGLSQPK,25.54,26.16,,25.8,0.21,8117500
11/2/11 5:03,GFCGLSQPK,25.57,26.22,,25.88,0.22,8057550
11/2/11 6:25,GFCGLSQPK,25.6,26.22,,25.88,0.22,7733650
11/2/11 7:47,GFCGLSQPK,25.72,26.32,,26.01,0.21,7717550
11/2/11 9:09,GFCGLSQPK,25.88,26.45,,26.14,0.2,7769800
11/2/11 10:31,GFCGLSQPK,25.8,26.37,,26.04,0.21,7351550
11/2/11 11:53,GFCGLSQPK,25.85,26.42,,26.09,0.21,8564750
11/2/11 13:15,GFCGLSQPK,25.78,26.35,,26.01,0.2,8969450
11/2/11 14:37,GFCGLSQPK,25.96,26.55,,26.24,0.21,8915200
11/2/11 21:27,GFCGLSQPK,25.8,26.4,,26.06,0.21,8722750
11/2/11 22:49,GFCGLSQPK,25.88,26.5,,26.16,0.21,8391900
11/3/11 0:11,GFCGLSQPK,25.96,26.55,,26.22,0.23,8795700
11/3/11 1:33,GFCGLSQPK,26.04,26.63,,26.29,0.21,8640800
11/3/11 2:54,GFCGLSQPK,25.91,26.5,,26.16,0.21,8252100
11/3/11 4:16,GFCGLSQPK,25.75,26.32,,26.01,0.21,8595000
11/3/11 8:22,GFCGLSQPK,26.04,26.58,,26.27,0.2,8496750
11/3/11 20:40,GFCGLSQPK,25.67,26.32,,25.93,0.23,8816200
11/3/11 22:02,GFCGLSQPK,25.8,26.4,,26.09,0.22,8718050
11/3/11 23:24,GFCGLSQPK,25.85,26.45,,26.11,0.21,8729800
11/4/11 10:19,GFCGLSQPK,25.52,26.06,,25.75,0.19,8236600
11/4/11 19:53,GFCGLSQPK,25.65,26.29,,25.93,0.21,9316650
11/5/11 5:27,GFCGLSQPK,25.62,26.27,,25.93,0.23,8706150
11/5/11 8:15,GFCGLSQPK,25.49,26.11,,25.78,0.22,9385250
11/5/11 17:49,GFCGLSQPK,25.65,26.35,,25.93,0.23,9365550
11/5/11 19:11,GFCGLSQPK,25.57,26.29,,25.85,0.24,9577650
11/5/11 20:33,GFCGLSQPK,25.47,26.14,,25.75,0.23,9107050
11/6/11 3:44,GFCGLSQPK,25.62,26.27,,25.91,0.23,9170950
11/6/11 5:06,GFCGLSQPK,25.78,26.42,,26.06,0.22,9398250
11/6/11 6:28,GFCGLSQPK,25.88,26.5,,26.16,0.22,9521700
11/7/11 0:13,GFCGLSQPK,26.42,27.1,,26.73,0.24,8509100
11/6/11 7:50,GFCGLSQPK,25.85,26.45,,26.14,0.22,9731800
11/6/11 9:12,GFCGLSQPK,25.88,26.5,,26.14,0.21,9885700
11/6/11 10:34,GFCGLSQPK,26.14,26.76,,26.4,0.22,9839150
11/6/11 11:56,GFCGLSQPK,26.16,26.79,,26.42,0.21,9663800
11/6/11 13:18,GFCGLSQPK,26.11,26.68,,26.37,0.21,8784600
11/6/11 14:40,GFCGLSQPK,26.04,26.63,,26.29,0.2,9139100
11/6/11 16:02,GFCGLSQPK,26.04,26.63,,26.32,0.21,9102050
11/6/11 17:24,GFCGLSQPK,26.16,26.79,,26.42,0.21,8937350
11/7/11 12:31,GFCGLSQPK,25.93,26.53,,26.22,0.22,9215150
11/7/11 13:53,GFCGLSQPK,25.96,26.58,,26.22,0.21,8911450
11/7/11 16:37,GFCGLSQPK,26.14,26.79,,26.42,0.22,8724850
11/7/11 19:21,GFCGLSQPK,26.09,26.68,,26.37,0.21,8324900
11/8/11 2:10,GFCGLSQPK,25.98,26.61,,26.27,0.21,8510650
11/8/11 14:28,GFCGLSQPK,26.19,26.81,,26.48,0.22,9320550
11/8/11 15:50,GFCGLSQPK,26.01,26.63,,26.27,0.21,8710100
11/8/11 18:34,GFCGLSQPK,26.16,26.79,,26.45,0.21,7743650
11/8/11 19:56,GFCGLSQPK,26.17,26.76,,26.42,0.2,8277450
11/9/11 6:52,GFCGLSQPK,25.91,26.5,,26.19,0.21,7823400
11/9/11 16:25,GFCGLSQPK,26.55,27.15,,26.81,0.21,8574550
11/10/11 1:59,GFCGLSQPK,26.84,27.46,,27.15,0.23,7991450
11/10/11 7:27,GFCGLSQPK,26.5,27.1,,26.76,0.2,7658050
11/10/11 8:49,GFCGLSQPK,26.4,26.94,,26.66,0.2,7832050
11/10/11 10:11,GFCGLSQPK,26.14,26.71,,26.42,0.2,7901300
11/10/11 12:54,GFCGLSQPK,26.22,26.84,,26.5,0.22,8081300
11/10/11 14:16,GFCGLSQPK,26.01,26.61,,26.27,0.21,8148750
11/10/11 17:00,GFCGLSQPK,26.32,26.92,,26.58,0.21,7880700
11/10/11 23:50,GFCGLSQPK,26.16,26.81,,26.42,0.21,7181500
11/11/11 12:08,GFCGLSQPK,25.36,25.93,,25.62,0.2,7718350
11/11/11 13:30,GFCGLSQPK,25.6,26.16,,25.83,0.2,7490600
11/12/11 4:31,GFCGLSQPK,25.78,26.4,,26.04,0.22,7676950
11/12/11 5:53,GFCGLSQPK,25.62,26.22,,25.85,0.21,6244200
11/12/11 8:37,GFCGLSQPK,25.49,26.06,,25.75,0.2,7820500
11/15/11 17:15,GFCGLSQPK,26.16,26.73,,26.4,0.2,6733900
11/15/11 18:36,GFCGLSQPK,26.16,26.73,,26.4,0.2,6541750
11/15/11 19:58,GFCGLSQPK,26.06,26.63,,26.32,0.21,6647350
11/15/11 21:20,GFCGLSQPK,26.19,26.79,,26.45,0.21,6166400
11/15/11 22:42,GFCGLSQPK,26.22,26.84,,26.48,0.21,5343100
11/16/11 0:04,GFCGLSQPK,26.29,26.92,,26.55,0.22,6053500
11/16/11 1:26,GFCGLSQPK,26.32,26.94,,26.61,0.22,6194900
10/29/11 7:50,VGPLLACLLGR,49.53,50.26,,49.89,0.24,2896850
10/29/11 9:12,VGPLLACLLGR,49.51,50.18,,49.79,0.25,2547700
10/29/11 10:34,VGPLLACLLGR,49.32,50.02,,49.66,0.25,2043500
10/29/11 11:55,VGPLLACLLGR,49.51,50.23,,49.84,0.25,1833600
10/29/11 13:17,VGPLLACLLGR,49.35,50.02,,49.66,0.24,1388150
10/30/11 3:19,VGPLLACLLGR,49.09,49.79,,49.4,0.24,5600150
10/30/11 4:41,VGPLLACLLGR,49.12,49.79,,49.43,0.24,5501700
10/30/11 6:03,VGPLLACLLGR,48.96,49.66,,49.3,0.25,5656000
10/30/11 7:24,VGPLLACLLGR,49.01,49.71,,49.32,0.25,5707050
10/30/11 8:46,VGPLLACLLGR,49.07,49.74,,49.4,0.25,5669600
10/31/11 1:10,VGPLLACLLGR,48.96,49.66,,49.27,0.25,4319500
10/31/11 13:27,VGPLLACLLGR,49.14,49.82,,49.45,0.25,4821600
10/31/11 14:49,VGPLLACLLGR,49.14,49.82,,49.45,0.23,4779450
10/31/11 16:11,VGPLLACLLGR,49.12,49.79,,49.4,0.26,4514500
11/1/11 3:07,VGPLLACLLGR,49.2,49.87,,49.51,0.25,3492350
11/1/11 12:40,VGPLLACLLGR,48.83,49.48,,49.14,0.23,4256550
11/1/11 22:14,VGPLLACLLGR,48.57,49.27,,48.94,0.25,3486600
11/1/11 23:36,VGPLLACLLGR,48.47,49.17,,48.81,0.24,3611550
11/2/11 0:58,VGPLLACLLGR,48.57,49.3,,48.94,0.26,3418650
11/2/11 2:20,VGPLLACLLGR,48.68,49.4,,48.99,0.25,3106500
11/2/11 3:42,VGPLLACLLGR,48.65,49.38,,49.01,0.24,3232400
11/2/11 5:03,VGPLLACLLGR,48.7,49.4,,49.01,0.25,3165600
11/2/11 6:25,VGPLLACLLGR,48.86,49.56,,49.2,0.24,3112050
11/2/11 7:47,VGPLLACLLGR,48.73,49.4,,49.07,0.24,3210800
11/2/11 9:09,VGPLLACLLGR,48.65,49.35,,48.99,0.24,3007700
11/2/11 10:31,VGPLLACLLGR,48.55,49.22,,48.88,0.27,2908500
11/2/11 11:53,VGPLLACLLGR,48.65,49.35,,48.96,0.24,5092150
11/2/11 13:15,VGPLLACLLGR,48.7,49.38,,49.01,0.23,6130600
11/2/11 14:37,VGPLLACLLGR,48.91,49.61,,49.22,0.23,6225200
11/2/11 21:27,VGPLLACLLGR,48.81,49.45,,49.14,0.23,4879200
11/2/11 22:49,VGPLLACLLGR,48.94,49.64,,49.14,0.21,5046200
11/3/11 0:11,VGPLLACLLGR,48.99,49.66,,49.32,0.24,4427200
11/3/11 1:33,VGPLLACLLGR,49.01,49.69,,49.32,0.24,4724300
11/3/11 2:54,VGPLLACLLGR,48.99,49.71,,49.32,0.24,4232100
11/3/11 4:16,VGPLLACLLGR,48.86,49.51,,49.17,0.23,4446600
11/3/11 8:22,VGPLLACLLGR,48.68,49.38,,49.01,0.23,4549250
11/3/11 20:40,VGPLLACLLGR,48.81,49.48,,49.17,0.23,4561800
11/3/11 22:02,VGPLLACLLGR,48.78,49.45,,49.04,0.24,4490100
11/3/11 23:24,VGPLLACLLGR,48.86,49.56,,49.2,0.24,4407050
11/4/11 10:19,VGPLLACLLGR,48.24,48.94,,48.55,0.26,4281500
11/4/11 19:53,VGPLLACLLGR,48.57,49.25,,48.91,0.24,3767150
11/5/11 5:27,VGPLLACLLGR,48.7,49.45,,49.04,0.28,3471050
11/5/11 8:15,VGPLLACLLGR,48.39,49.07,,48.7,0.25,3809950
11/5/11 17:49,VGPLLACLLGR,48.5,49.2,,48.86,0.25,3272800
11/5/11 19:11,VGPLLACLLGR,48.57,49.22,,48.83,0.27,3668850
11/5/11 20:33,VGPLLACLLGR,48.57,49.35,,48.94,0.26,3259300
11/6/11 3:44,VGPLLACLLGR,48.65,49.4,,49.01,0.27,3004000
11/6/11 5:06,VGPLLACLLGR,48.78,49.48,,49.12,0.27,3002200
11/6/11 6:28,VGPLLACLLGR,48.75,49.45,,49.12,0.22,2833600
11/7/11 0:13,VGPLLACLLGR,49.35,50.08,,49.66,0.25,2958250
11/6/11 7:50,VGPLLACLLGR,48.68,49.4,,49.04,0.26,3078700
11/6/11 9:12,VGPLLACLLGR,48.88,49.56,,49.35,0.29,3193850
11/6/11 10:34,VGPLLACLLGR,49.12,49.82,,49.48,0.25,2864650
11/6/11 11:56,VGPLLACLLGR,49.09,49.79,,49.4,0.34,2691900
11/6/11 13:18,VGPLLACLLGR,49.07,49.82,,49.45,0.25,4417400
11/6/11 14:40,VGPLLACLLGR,48.94,49.48,,49.3,0.2,5700500
11/6/11 16:02,VGPLLACLLGR,49.04,49.77,,49.35,0.25,3971100
11/6/11 17:24,VGPLLACLLGR,49.17,49.92,,49.53,0.29,3819950
11/7/11 12:31,VGPLLACLLGR,49.04,49.74,,49.4,0.24,3783050
11/7/11 13:53,VGPLLACLLGR,48.7,49.48,,49.07,0.25,3562900
11/7/11 16:37,VGPLLACLLGR,48.99,49.69,,49.32,0.23,3208350
11/7/11 19:21,VGPLLACLLGR,48.91,49.64,,49.25,0.26,2938150
11/8/11 2:10,VGPLLACLLGR,48.81,49.48,,49.14,0.23,2702950
11/8/11 14:28,VGPLLACLLGR,48.86,49.56,,49.17,0.25,3200000
11/8/11 15:50,VGPLLACLLGR,48.81,49.51,,49.14,0.25,3023550
11/8/11 18:34,VGPLLACLLGR,48.81,49.58,,49.22,0.24,2493400
11/8/11 19:56,VGPLLACLLGR,48.94,49.66,,49.3,0.25,2577000
11/9/11 6:52,VGPLLACLLGR,48.55,49.22,,48.86,0.25,2454250
11/9/11 16:25,VGPLLACLLGR,49.14,49.79,,49.48,0.23,2232350
11/10/11 1:59,VGPLLACLLGR,49.22,49.89,,49.53,0.25,1722100
11/10/11 7:27,VGPLLACLLGR,48.75,49.45,,49.09,0.24,1926700
11/10/11 8:49,VGPLLACLLGR,48.75,49.4,,49.07,0.23,2014800
11/10/11 10:11,VGPLLACLLGR,48.6,49.27,,48.91,0.24,2110300
11/10/11 12:54,VGPLLACLLGR,48.75,49.45,,49.09,0.24,4174050
11/10/11 14:16,VGPLLACLLGR,48.42,49.14,,48.78,0.26,4271350
11/10/11 17:00,VGPLLACLLGR,48.57,49.27,,48.94,0.25,3811500
11/10/11 23:50,VGPLLACLLGR,48.75,49.48,,49.12,0.27,3246850
11/11/11 12:08,VGPLLACLLGR,48.03,48.73,,48.37,0.24,3841850
11/11/11 13:30,VGPLLACLLGR,48.21,48.91,,48.52,0.24,3765550
11/12/11 4:31,VGPLLACLLGR,48.6,49.35,,48.96,0.28,3617100
11/12/11 5:53,VGPLLACLLGR,48.21,48.94,,48.57,0.23,2959000
11/12/11 8:37,VGPLLACLLGR,48.16,48.88,,48.52,0.25,3813800
11/15/11 17:15,VGPLLACLLGR,48.99,49.74,,49.35,0.25,3329700
11/15/11 18:36,VGPLLACLLGR,48.83,49.53,,49.2,0.25,3178650
11/15/11 19:58,VGPLLACLLGR,48.81,49.56,,49.2,0.24,3134950
11/15/11 21:20,VGPLLACLLGR,48.88,49.61,,49.3,0.25,2985850
11/15/11 22:42,VGPLLACLLGR,48.96,49.64,,49.27,0.26,2514800
11/16/11 0:04,VGPLLACLLGR,48.94,49.61,,49.25,0.23,2826100
11/16/11 1:26,VGPLLACLLGR,48.86,49.58,,49.2,0.25,2741450
10/29/11 7:50,VLDALDSIK,31.79,32.49,,32.07,0.26,47430000
10/29/11 9:12,VLDALDSIK,31.86,32.51,,32.12,0.25,49461600
10/29/11 10:34,VLDALDSIK,31.73,32.41,,32.02,0.25,46052304
10/29/11 11:55,VLDALDSIK,31.76,32.43,,32.05,0.25,49539852
10/29/11 13:17,VLDALDSIK,31.71,32.41,,31.99,0.26,46991444
10/30/11 3:19,VLDALDSIK,31.55,32.2,,31.84,0.24,46170648
10/30/11 4:41,VLDALDSIK,31.61,32.25,,31.86,0.24,46076704
10/30/11 6:03,VLDALDSIK,31.61,32.23,,31.86,0.24,46603048
10/30/11 7:24,VLDALDSIK,31.55,32.2,,31.84,0.25,48189896
10/30/11 8:46,VLDALDSIK,31.61,32.23,,31.86,0.25,46628356
10/31/11 1:10,VLDALDSIK,31.45,32.12,,31.73,0.24,44568152
10/31/11 13:27,VLDALDSIK,31.79,32.41,,32.05,0.24,45547048
10/31/11 14:49,VLDALDSIK,31.79,32.41,,32.07,0.24,47645904
10/31/11 16:11,VLDALDSIK,31.76,32.38,,32.02,0.24,45108352
11/1/11 3:07,VLDALDSIK,31.79,32.43,,32.07,0.25,44121504
11/1/11 12:40,VLDALDSIK,31.58,32.2,,31.84,0.24,47042600
11/1/11 22:14,VLDALDSIK,31.11,31.76,,31.37,0.25,44765848
11/1/11 23:36,VLDALDSIK,31.14,31.79,,31.42,0.25,45734552
11/2/11 0:58,VLDALDSIK,31.27,31.92,,31.55,0.24,44816448
11/2/11 2:20,VLDALDSIK,31.24,31.89,,31.53,0.24,41660904
11/2/11 3:42,VLDALDSIK,31.42,32.07,,31.68,0.24,45531004
11/2/11 5:03,VLDALDSIK,31.24,31.92,,31.5,0.25,44688752
11/2/11 6:25,VLDALDSIK,31.5,32.15,,31.76,0.24,43436152
11/2/11 7:47,VLDALDSIK,31.5,32.1,,31.76,0.23,44763752
11/2/11 9:09,VLDALDSIK,31.58,32.18,,31.86,0.23,44552800
11/2/11 10:31,VLDALDSIK,31.5,32.1,,31.76,0.23,43643400
11/2/11 11:53,VLDALDSIK,31.61,32.23,,31.86,0.24,47199848
11/2/11 13:15,VLDALDSIK,31.55,32.18,,31.81,0.24,47463352
11/2/11 14:37,VLDALDSIK,31.68,32.33,,31.94,0.24,47647700
11/2/11 21:27,VLDALDSIK,31.63,32.28,,31.89,0.25,47734648
11/2/11 22:49,VLDALDSIK,31.66,32.33,,31.97,0.25,45476156
11/3/11 0:11,VLDALDSIK,31.71,32.36,,31.99,0.25,46990548
11/3/11 1:33,VLDALDSIK,31.71,32.38,,31.99,0.25,47017200
11/3/11 2:54,VLDALDSIK,31.66,32.3,,31.94,0.24,44757948
11/3/11 4:16,VLDALDSIK,31.4,32.07,,31.66,0.25,47079752
11/3/11 8:22,VLDALDSIK,31.71,32.33,,31.97,0.24,46457104
11/3/11 20:40,VLDALDSIK,31.45,32.05,,31.71,0.23,46036752
11/3/11 22:02,VLDALDSIK,31.61,32.23,,31.89,0.24,47534700
11/3/11 23:24,VLDALDSIK,31.66,32.3,,31.94,0.25,48015248
11/4/11 10:19,VLDALDSIK,31.06,31.66,,31.32,0.24,47860000
11/4/11 19:53,VLDALDSIK,31.24,31.86,,31.5,0.24,50045552
11/5/11 5:27,VLDALDSIK,31.32,31.97,,31.61,0.24,49082252
11/5/11 8:15,VLDALDSIK,31.24,31.89,,31.53,0.24,50037848
11/5/11 17:49,VLDALDSIK,31.35,32.02,,31.63,0.25,50927056
11/5/11 19:11,VLDALDSIK,31.32,31.97,,31.58,0.24,50658048
11/5/11 20:33,VLDALDSIK,31.22,31.89,,31.53,0.25,49267848
11/6/11 3:44,VLDALDSIK,31.35,32.05,,31.63,0.26,50098800
11/6/11 5:06,VLDALDSIK,31.48,32.12,,31.73,0.25,50035600
11/6/11 6:28,VLDALDSIK,31.55,32.18,,31.81,0.25,50399748
11/7/11 0:13,VLDALDSIK,32.12,32.77,,32.41,0.25,45476448
11/6/11 7:50,VLDALDSIK,31.5,32.15,,31.79,0.25,51258648
11/6/11 9:12,VLDALDSIK,31.63,32.3,,31.94,0.25,51772000
11/6/11 10:34,VLDALDSIK,31.84,32.49,,32.12,0.24,51079304
11/6/11 11:56,VLDALDSIK,31.76,32.43,,32.07,0.25,49871304
11/6/11 13:18,VLDALDSIK,31.81,32.46,,32.1,0.25,47502552
11/6/11 14:40,VLDALDSIK,31.76,32.41,,32.07,0.25,48549448
11/6/11 16:02,VLDALDSIK,31.79,32.43,,32.05,0.25,48205056
11/6/11 17:24,VLDALDSIK,31.84,32.49,,32.12,0.25,46819848
11/7/11 12:31,VLDALDSIK,31.76,32.43,,32.05,0.24,47927000
11/7/11 13:53,VLDALDSIK,31.79,32.41,,32.07,0.24,46501496
11/7/11 16:37,VLDALDSIK,31.73,32.38,,31.99,0.24,45886696
11/7/11 19:21,VLDALDSIK,31.76,32.41,,32.05,0.25,44300200
11/8/11 2:10,VLDALDSIK,31.71,32.38,,31.99,0.25,45105352
11/8/11 14:28,VLDALDSIK,31.97,32.62,,32.25,0.24,47127704
11/8/11 15:50,VLDALDSIK,31.61,32.23,,31.86,0.24,45356552
11/8/11 18:34,VLDALDSIK,31.94,32.59,,32.23,0.24,41053496
11/8/11 19:56,VLDALDSIK,31.73,32.38,,31.99,0.24,43285400
11/9/11 6:52,VLDALDSIK,31.71,32.3,,31.97,0.23,43424848
11/9/11 16:25,VLDALDSIK,32.12,32.77,,32.38,0.24,42823452
11/10/11 1:59,VLDALDSIK,32.51,33.16,,32.8,0.24,40937952
11/10/11 7:27,VLDALDSIK,32.07,32.67,,32.33,0.23,40567304
11/10/11 8:49,VLDALDSIK,31.92,32.51,,32.2,0.23,42604904
11/10/11 10:11,VLDALDSIK,31.66,32.28,,31.94,0.24,43149000
11/10/11 12:54,VLDALDSIK,31.81,32.46,,32.07,0.24,44293096
11/10/11 14:16,VLDALDSIK,31.66,32.3,,31.94,0.24,45013100
11/10/11 17:00,VLDALDSIK,31.84,32.49,,32.12,0.24,42880552
11/10/11 23:50,VLDALDSIK,31.73,32.38,,32.02,0.25,40089848
11/11/11 12:08,VLDALDSIK,30.88,31.55,,31.16,0.26,44448700
11/11/11 13:30,VLDALDSIK,30.96,31.61,,31.24,0.24,42826952
11/12/11 4:31,VLDALDSIK,31.32,31.97,,31.61,0.25,44618800
11/12/11 5:53,VLDALDSIK,31.22,31.86,,31.5,0.24,36918700
11/12/11 8:37,VLDALDSIK,31.09,31.73,,31.37,0.25,47109700
11/15/11 17:15,VLDALDSIK,31.84,32.46,,32.1,0.23,34231152
11/15/11 18:36,VLDALDSIK,31.76,32.38,,32.02,0.23,32596050
11/15/11 19:58,VLDALDSIK,31.63,32.25,,31.89,0.23,32540350
11/15/11 21:20,VLDALDSIK,31.76,32.41,,32.05,0.24,31399050
11/15/11 22:42,VLDALDSIK,31.89,32.54,,32.2,0.22,27430850
11/16/11 0:04,VLDALDSIK,31.94,32.56,,32.2,0.24,30381900
11/16/11 1:26,VLDALDSIK,31.92,32.56,,32.23,0.25,32626250
10/29/11 7:50,YSTDVSVDEVK,24.77,25.21,,24.97,0.16,5340300
10/29/11 9:12,YSTDVSVDEVK,24.9,25.31,,25.1,0.16,5729600
10/29/11 10:34,YSTDVSVDEVK,24.74,25.21,,24.95,0.16,5549400
10/29/11 11:55,YSTDVSVDEVK,24.77,25.21,,24.97,0.16,5575150
10/29/11 13:17,YSTDVSVDEVK,24.77,25.21,,24.97,0.17,5120600
10/30/11 3:19,YSTDVSVDEVK,24.51,24.95,,24.69,0.16,4853200
10/30/11 4:41,YSTDVSVDEVK,24.53,24.97,,24.74,0.16,4948400
10/30/11 6:03,YSTDVSVDEVK,24.51,24.95,,24.71,0.16,4951550
10/30/11 7:24,YSTDVSVDEVK,24.53,24.97,,24.74,0.17,5288900
10/30/11 8:46,YSTDVSVDEVK,24.51,24.9,,24.69,0.14,5183850
10/31/11 1:10,YSTDVSVDEVK,24.48,24.92,,24.69,0.15,4427850
10/31/11 13:27,YSTDVSVDEVK,24.79,25.18,,24.97,0.14,6257250
10/31/11 14:49,YSTDVSVDEVK,24.74,25.18,,24.95,0.16,4937300
10/31/11 16:11,YSTDVSVDEVK,24.69,25.13,,24.9,0.14,4909400
11/1/11 3:07,YSTDVSVDEVK,24.84,25.26,,25.03,0.16,3907100
11/1/11 12:40,YSTDVSVDEVK,24.74,25.15,,24.92,0.15,4554750
11/1/11 22:14,YSTDVSVDEVK,24.43,24.87,,24.61,0.14,4777650
11/1/11 23:36,YSTDVSVDEVK,24.46,24.84,,24.64,0.14,4531750
11/2/11 0:58,YSTDVSVDEVK,24.51,24.92,,24.69,0.15,4421350
11/2/11 2:20,YSTDVSVDEVK,24.53,24.97,,24.71,0.14,4122450
11/2/11 3:42,YSTDVSVDEVK,24.43,24.84,,24.64,0.15,4491350
11/2/11 5:03,YSTDVSVDEVK,24.48,24.9,,24.66,0.14,4305500
11/2/11 6:25,YSTDVSVDEVK,24.51,24.92,,24.69,0.14,4206350
11/2/11 7:47,YSTDVSVDEVK,24.66,25.08,,24.84,0.16,3925500
11/2/11 9:09,YSTDVSVDEVK,24.82,25.21,,25.03,0.15,4094800
11/2/11 10:31,YSTDVSVDEVK,24.71,25.13,,24.9,0.16,4023800
11/2/11 11:53,YSTDVSVDEVK,24.84,25.26,,25.03,0.14,4561150
11/2/11 13:15,YSTDVSVDEVK,24.74,25.15,,24.92,0.14,4579350
11/2/11 14:37,YSTDVSVDEVK,24.9,25.31,,25.1,0.15,4751400
11/2/11 21:27,YSTDVSVDEVK,24.69,25.13,,24.9,0.15,4392700
11/2/11 22:49,YSTDVSVDEVK,24.82,25.23,,25.03,0.15,4048250
11/3/11 0:11,YSTDVSVDEVK,24.87,25.31,,25.08,0.15,4177200
11/3/11 1:33,YSTDVSVDEVK,24.95,25.36,,25.13,0.15,4112400
11/3/11 2:54,YSTDVSVDEVK,24.84,25.26,,25.03,0.15,3829300
11/3/11 4:16,YSTDVSVDEVK,24.69,25.1,,24.87,0.15,4145700
11/3/11 8:22,YSTDVSVDEVK,24.97,25.39,,25.18,0.14,4123100
11/3/11 20:40,YSTDVSVDEVK,24.61,25,,24.79,0.14,4727500
11/3/11 22:02,YSTDVSVDEVK,24.74,25.13,,24.92,0.13,4881150
11/3/11 23:24,YSTDVSVDEVK,24.82,25.23,,25,0.16,4064650
11/4/11 10:19,YSTDVSVDEVK,24.48,24.87,,24.66,0.14,4755450
11/4/11 19:53,YSTDVSVDEVK,24.53,24.95,,24.74,0.15,4752500
11/5/11 5:27,YSTDVSVDEVK,24.46,24.9,,24.66,0.15,4966700
11/5/11 8:15,YSTDVSVDEVK,24.38,24.82,,24.58,0.15,5131950
11/5/11 17:49,YSTDVSVDEVK,24.51,24.97,,24.71,0.15,5234800
11/5/11 19:11,YSTDVSVDEVK,24.43,24.9,,24.66,0.16,5561750
11/5/11 20:33,YSTDVSVDEVK,24.35,24.77,,24.53,0.14,5706150
11/6/11 3:44,YSTDVSVDEVK,24.51,24.95,,24.74,0.15,4863350
11/6/11 5:06,YSTDVSVDEVK,24.69,25.1,,24.9,0.16,4081350
11/6/11 6:28,YSTDVSVDEVK,24.82,25.26,,25.03,0.16,4038800
11/7/11 0:13,YSTDVSVDEVK,25.36,25.8,,25.57,0.15,3755500
11/6/11 7:50,YSTDVSVDEVK,24.84,25.23,,25.03,0.15,4175900
11/6/11 9:12,YSTDVSVDEVK,24.84,25.28,,25.03,0.15,4255600
11/6/11 10:34,YSTDVSVDEVK,25.08,25.52,,25.28,0.16,4236100
11/6/11 11:56,YSTDVSVDEVK,25.08,25.52,,25.31,0.16,4026050
11/6/11 13:18,YSTDVSVDEVK,25.05,25.49,,25.26,0.16,3857950
11/6/11 14:40,YSTDVSVDEVK,25,25.41,,25.21,0.15,4197050
11/6/11 16:02,YSTDVSVDEVK,24.97,25.41,,25.15,0.15,3952650
11/6/11 17:24,YSTDVSVDEVK,25.13,25.54,,25.34,0.16,3977400
11/7/11 12:31,YSTDVSVDEVK,24.79,25.26,,25.03,0.17,5058050
11/7/11 13:53,YSTDVSVDEVK,24.92,25.34,,25.1,0.14,4195400
11/7/11 16:37,YSTDVSVDEVK,25.1,25.52,,25.28,0.13,3741350
11/7/11 19:21,YSTDVSVDEVK,25.05,25.49,,25.23,0.15,3288250
11/8/11 2:10,YSTDVSVDEVK,24.95,25.39,,25.13,0.14,3271000
11/8/11 14:28,YSTDVSVDEVK,25.21,25.62,,25.39,0.15,5220350
11/8/11 15:50,YSTDVSVDEVK,25,25.41,,25.18,0.14,3857300
11/8/11 18:34,YSTDVSVDEVK,25.13,25.54,,25.34,0.15,3170900
11/8/11 19:56,YSTDVSVDEVK,25.08,25.49,,25.28,0.15,3483650
11/9/11 6:52,YSTDVSVDEVK,24.87,25.28,,25.05,0.14,3845000
11/9/11 16:25,YSTDVSVDEVK,25.47,25.93,,25.67,0.16,3038800
11/10/11 1:59,YSTDVSVDEVK,25.72,26.19,,25.96,0.17,2844000
11/10/11 7:27,YSTDVSVDEVK,25.44,25.88,,25.65,0.15,2700450
11/10/11 8:49,YSTDVSVDEVK,25.34,25.78,,25.54,0.14,2956400
11/10/11 10:11,YSTDVSVDEVK,25.1,25.52,,25.31,0.15,3155000
11/10/11 12:54,YSTDVSVDEVK,25.15,25.57,,25.34,0.16,3395750
11/10/11 14:16,YSTDVSVDEVK,24.97,25.36,,25.15,0.14,3999700
11/10/11 17:00,YSTDVSVDEVK,25.26,25.7,,25.47,0.14,3233500
11/10/11 23:50,YSTDVSVDEVK,25.1,25.52,,25.28,0.16,3115350
11/11/11 12:08,YSTDVSVDEVK,24.22,24.66,,24.43,0.15,3934750
11/11/11 13:30,YSTDVSVDEVK,24.58,24.97,,24.77,0.14,3926800
11/12/11 4:31,YSTDVSVDEVK,24.66,25.08,,24.87,0.16,3789500
11/12/11 5:53,YSTDVSVDEVK,24.53,24.95,,24.71,0.15,3424450
11/12/11 8:37,YSTDVSVDEVK,24.4,24.87,,24.61,0.16,4239550
11/15/11 17:15,YSTDVSVDEVK,25.08,25.52,,25.28,0.15,3793150
11/15/11 18:36,YSTDVSVDEVK,25.05,25.49,,25.23,0.16,3361550
11/15/11 19:58,YSTDVSVDEVK,24.9,25.39,,25.1,0.17,2900450
11/15/11 21:20,YSTDVSVDEVK,25.08,25.52,,25.28,0.15,3119200
11/15/11 22:42,YSTDVSVDEVK,25.03,25.47,,25.23,0.16,2743050
11/16/11 0:04,YSTDVSVDEVK,25.08,25.6,,25.31,0.19,2574750
11/16/11 1:26,YSTDVSVDEVK,25.15,25.65,,25.39,0.17,2839700
10/29/11 7:50,DDGSWEVIEGYR,37.41,38.11,,37.72,0.22,3750650
10/29/11 9:12,DDGSWEVIEGYR,37.46,38.21,,37.8,0.24,3874850
10/29/11 10:34,DDGSWEVIEGYR,37.3,38.06,,37.67,0.24,3651450
10/29/11 11:55,DDGSWEVIEGYR,37.36,38,,37.69,0.24,3869700
10/29/11 13:17,DDGSWEVIEGYR,37.3,37.98,,37.67,0.24,3606800
10/30/11 3:19,DDGSWEVIEGYR,36.99,37.64,,37.33,0.24,3532200
10/30/11 4:41,DDGSWEVIEGYR,37.02,37.74,,37.36,0.26,3598800
10/30/11 6:03,DDGSWEVIEGYR,36.84,37.51,,37.12,0.23,3414900
10/30/11 7:24,DDGSWEVIEGYR,36.84,37.51,,37.15,0.26,3555600
10/30/11 8:46,DDGSWEVIEGYR,36.94,37.62,,37.2,0.25,3349650
10/31/11 1:10,DDGSWEVIEGYR,36.99,37.67,,37.38,0.26,3620100
10/31/11 13:27,DDGSWEVIEGYR,37.2,37.93,,37.54,0.29,3310800
10/31/11 14:49,DDGSWEVIEGYR,37.25,37.93,,37.54,0.25,3510250
10/31/11 16:11,DDGSWEVIEGYR,37.25,37.95,,37.62,0.28,3207900
11/1/11 3:07,DDGSWEVIEGYR,37.38,38.11,,37.74,0.26,3326500
11/1/11 12:40,DDGSWEVIEGYR,36.97,37.59,,37.28,0.23,4024650
11/1/11 22:14,DDGSWEVIEGYR,36.89,37.59,,37.23,0.25,3509250
11/1/11 23:36,DDGSWEVIEGYR,36.81,37.54,,37.15,0.26,3586450
11/2/11 0:58,DDGSWEVIEGYR,36.94,37.67,,37.25,0.25,3463550
11/2/11 2:20,DDGSWEVIEGYR,36.99,37.74,,37.36,0.26,3126600
11/2/11 3:42,DDGSWEVIEGYR,37.1,37.77,,37.43,0.26,3468850
11/2/11 5:03,DDGSWEVIEGYR,37.02,37.72,,37.33,0.26,3458250
11/2/11 6:25,DDGSWEVIEGYR,36.99,37.72,,37.38,0.28,3244850
11/2/11 7:47,DDGSWEVIEGYR,36.84,37.51,,37.12,0.23,3612650
11/2/11 9:09,DDGSWEVIEGYR,36.84,37.49,,37.15,0.21,3637300
11/2/11 10:31,DDGSWEVIEGYR,36.73,37.38,,37.02,0.22,3538250
11/2/11 11:53,DDGSWEVIEGYR,36.86,37.54,,37.17,0.24,3647950
11/2/11 13:15,DDGSWEVIEGYR,36.86,37.49,,37.2,0.23,3548900
11/2/11 14:37,DDGSWEVIEGYR,37.02,37.72,,37.33,0.23,3580250
11/2/11 21:27,DDGSWEVIEGYR,37.18,37.87,,37.46,0.26,3538900
11/2/11 22:49,DDGSWEVIEGYR,37.33,38.08,,37.67,0.26,3421350
11/3/11 0:11,DDGSWEVIEGYR,37.36,38.08,,37.72,0.26,3441900
11/3/11 1:33,DDGSWEVIEGYR,37.36,38.11,,37.74,0.26,3439150
11/3/11 2:54,DDGSWEVIEGYR,37.2,37.9,,37.56,0.26,3240050
11/3/11 4:16,DDGSWEVIEGYR,37.07,37.77,,37.43,0.29,3359400
11/3/11 8:22,DDGSWEVIEGYR,36.94,37.59,,37.23,0.23,3989700
11/3/11 20:40,DDGSWEVIEGYR,37.02,37.69,,37.41,0.25,3235300
11/3/11 22:02,DDGSWEVIEGYR,37.1,37.77,,37.41,0.26,3342300
11/3/11 23:24,DDGSWEVIEGYR,37.15,37.82,,37.51,0.25,3311750
11/4/11 10:19,DDGSWEVIEGYR,36.55,37.2,,36.84,0.24,3927950
11/4/11 19:53,DDGSWEVIEGYR,36.79,37.43,,37.12,0.23,4545450
11/5/11 5:27,DDGSWEVIEGYR,37.05,37.77,,37.41,0.24,4522200
11/5/11 8:15,DDGSWEVIEGYR,36.79,37.49,,37.18,0.23,4252600
11/5/11 17:49,DDGSWEVIEGYR,36.97,37.67,,37.28,0.23,4467800
11/5/11 19:11,DDGSWEVIEGYR,36.97,37.67,,37.28,0.25,4465950
11/5/11 20:33,DDGSWEVIEGYR,36.99,37.69,,37.33,0.24,4187200
11/6/11 3:44,DDGSWEVIEGYR,37.12,37.87,,37.46,0.24,4054550
11/6/11 5:06,DDGSWEVIEGYR,36.99,37.72,,37.38,0.25,4090150
11/6/11 6:28,DDGSWEVIEGYR,37.02,37.74,,37.36,0.24,4000950
11/7/11 0:13,DDGSWEVIEGYR,37.74,38.47,,38.13,0.25,3744350
11/6/11 7:50,DDGSWEVIEGYR,36.99,37.72,,37.33,0.27,4071900
11/6/11 9:12,DDGSWEVIEGYR,37.15,37.82,,37.46,0.25,3864250
11/6/11 10:34,DDGSWEVIEGYR,37.3,38.03,,37.64,0.25,3893850
11/6/11 11:56,DDGSWEVIEGYR,37.28,38.03,,37.59,0.25,3736850
11/6/11 13:18,DDGSWEVIEGYR,37.28,38,,37.67,0.27,3730150
11/6/11 14:40,DDGSWEVIEGYR,37.23,37.95,,37.56,0.26,3718000
11/6/11 16:02,DDGSWEVIEGYR,37.3,37.98,,37.62,0.26,3599950
11/6/11 17:24,DDGSWEVIEGYR,37.38,38.11,,37.8,0.27,3526000
11/7/11 12:31,DDGSWEVIEGYR,37.36,38.08,,37.74,0.22,4078300
11/7/11 13:53,DDGSWEVIEGYR,37.36,38.03,,37.67,0.25,3189200
11/7/11 16:37,DDGSWEVIEGYR,37.41,38.16,,37.74,0.26,3406250
11/7/11 19:21,DDGSWEVIEGYR,37.41,38.11,,37.74,0.24,3398900
11/8/11 2:10,DDGSWEVIEGYR,37.36,38,,37.67,0.24,3957750
11/8/11 14:28,DDGSWEVIEGYR,37.46,38.19,,37.85,0.24,3273850
11/8/11 15:50,DDGSWEVIEGYR,37.28,37.95,,37.59,0.26,3231050
11/8/11 18:34,DDGSWEVIEGYR,37.43,38.08,,37.74,0.25,3011600
11/8/11 19:56,DDGSWEVIEGYR,37.46,38.16,,37.82,0.24,3305400
11/9/11 6:52,DDGSWEVIEGYR,37.1,37.82,,37.41,0.25,3408500
11/9/11 16:25,DDGSWEVIEGYR,37.67,38.34,,37.98,0.24,3120050
11/10/11 1:59,DDGSWEVIEGYR,38.06,38.73,,38.39,0.23,2908550
11/10/11 7:27,DDGSWEVIEGYR,37.43,38.11,,37.69,0.23,3258300
11/10/11 8:49,DDGSWEVIEGYR,37.23,37.87,,37.54,0.22,3396750
11/10/11 10:11,DDGSWEVIEGYR,37.02,37.72,,37.3,0.22,3249050
11/10/11 12:54,DDGSWEVIEGYR,37.28,38,,37.56,0.24,3631750
11/10/11 14:16,DDGSWEVIEGYR,37.17,37.82,,37.49,0.23,3520000
11/10/11 17:00,DDGSWEVIEGYR,37.3,37.98,,37.64,0.22,3713950
11/10/11 23:50,DDGSWEVIEGYR,37.36,38.06,,37.67,0.24,3799100
11/11/11 12:08,DDGSWEVIEGYR,36.66,37.33,,36.99,0.23,4629450
11/11/11 13:30,DDGSWEVIEGYR,36.71,37.41,,37.07,0.25,4315750
11/12/11 4:31,DDGSWEVIEGYR,37.02,37.72,,37.33,0.24,4940650
11/12/11 5:53,DDGSWEVIEGYR,36.71,37.36,,37.05,0.23,3861550
11/12/11 8:37,DDGSWEVIEGYR,36.73,37.43,,37.07,0.23,5407550
11/15/11 17:15,DDGSWEVIEGYR,37.1,37.77,,37.41,0.24,3593150
11/15/11 18:36,DDGSWEVIEGYR,37.05,37.74,,37.33,0.22,3663950
11/15/11 19:58,DDGSWEVIEGYR,36.92,37.59,,37.25,0.23,3839550
11/15/11 21:20,DDGSWEVIEGYR,37.12,37.8,,37.43,0.25,3697250
11/15/11 22:42,DDGSWEVIEGYR,37.33,38,,37.67,0.24,3485400
11/16/11 0:04,DDGSWEVIEGYR,37.38,38.06,,37.69,0.25,3845500
11/16/11 1:26,DDGSWEVIEGYR,37.3,37.95,,37.67,0.24,3775400
10/29/11 7:50,CAVVDVPFGGAK,33.99,34.71,,34.33,0.25,18396650
10/29/11 9:12,CAVVDVPFGGAK,33.99,34.74,,34.33,0.25,19194550
10/29/11 10:34,CAVVDVPFGGAK,33.86,34.64,,34.2,0.26,17640150
10/29/11 11:55,CAVVDVPFGGAK,33.94,34.69,,34.25,0.25,18953400
10/29/11 13:17,CAVVDVPFGGAK,33.88,34.61,,34.22,0.25,17823650
10/30/11 3:19,CAVVDVPFGGAK,33.68,34.4,,33.99,0.25,17420400
10/30/11 4:41,CAVVDVPFGGAK,33.7,34.43,,34.04,0.25,17577350
10/30/11 6:03,CAVVDVPFGGAK,33.7,34.43,,34.01,0.24,18274200
10/30/11 7:24,CAVVDVPFGGAK,33.68,34.38,,33.99,0.25,19106150
10/30/11 8:46,CAVVDVPFGGAK,33.76,34.45,,34.07,0.25,18702750
10/31/11 1:10,CAVVDVPFGGAK,33.65,34.35,,33.94,0.25,16312450
10/31/11 13:27,CAVVDVPFGGAK,33.99,34.66,,34.3,0.25,18438550
10/31/11 14:49,CAVVDVPFGGAK,33.96,34.66,,34.27,0.26,18406300
10/31/11 16:11,CAVVDVPFGGAK,33.94,34.64,,34.25,0.25,17229400
11/1/11 3:07,CAVVDVPFGGAK,34.01,34.71,,34.35,0.26,14786000
11/1/11 12:40,CAVVDVPFGGAK,33.78,34.45,,34.07,0.25,17484900
11/1/11 22:14,CAVVDVPFGGAK,33.34,34.09,,33.7,0.26,14910850
11/1/11 23:36,CAVVDVPFGGAK,33.34,34.09,,33.68,0.27,15029150
11/2/11 0:58,CAVVDVPFGGAK,33.47,34.2,,33.78,0.25,14648500
11/2/11 2:20,CAVVDVPFGGAK,33.44,34.17,,33.81,0.26,13509350
11/2/11 3:42,CAVVDVPFGGAK,33.65,34.38,,33.99,0.25,14537450
11/2/11 5:03,CAVVDVPFGGAK,33.55,34.25,,33.88,0.26,14367950
11/2/11 6:25,CAVVDVPFGGAK,33.68,34.38,,34.01,0.25,14566700
11/2/11 7:47,CAVVDVPFGGAK,33.63,34.3,,33.94,0.25,15377250
11/2/11 9:09,CAVVDVPFGGAK,33.73,34.43,,34.07,0.25,15869400
11/2/11 10:31,CAVVDVPFGGAK,33.65,34.33,,33.96,0.24,15886900
11/2/11 11:53,CAVVDVPFGGAK,33.78,34.4,,34.07,0.24,17702200
11/2/11 13:15,CAVVDVPFGGAK,33.73,34.4,,34.01,0.25,17871600
11/2/11 14:37,CAVVDVPFGGAK,33.86,34.53,,34.17,0.25,18469100
11/2/11 21:27,CAVVDVPFGGAK,33.83,34.53,,34.14,0.25,16239350
11/2/11 22:49,CAVVDVPFGGAK,33.88,34.61,,34.25,0.26,15737700
11/3/11 0:11,CAVVDVPFGGAK,33.96,34.69,,34.3,0.27,16046050
11/3/11 1:33,CAVVDVPFGGAK,33.94,34.66,,34.25,0.26,15770150
11/3/11 2:54,CAVVDVPFGGAK,33.88,34.56,,34.22,0.25,14962350
11/3/11 4:16,CAVVDVPFGGAK,33.68,34.4,,34.04,0.26,15637050
11/3/11 8:22,CAVVDVPFGGAK,33.86,34.56,,34.17,0.24,16227400
11/3/11 20:40,CAVVDVPFGGAK,33.63,34.38,,33.96,0.26,17221400
11/3/11 22:02,CAVVDVPFGGAK,33.78,34.51,,34.14,0.25,17047600
11/3/11 23:24,CAVVDVPFGGAK,33.86,34.53,,34.17,0.25,16695200
11/4/11 10:19,CAVVDVPFGGAK,33.24,33.94,,33.57,0.26,16472800
11/4/11 19:53,CAVVDVPFGGAK,33.44,34.14,,33.76,0.27,16229500
11/5/11 5:27,CAVVDVPFGGAK,33.5,34.25,,33.83,0.26,15479400
11/5/11 8:15,CAVVDVPFGGAK,33.47,34.2,,33.81,0.26,16756800
11/5/11 17:49,CAVVDVPFGGAK,33.55,34.27,,33.86,0.25,15955000
11/5/11 19:11,CAVVDVPFGGAK,33.52,34.22,,33.86,0.26,16154700
11/5/11 20:33,CAVVDVPFGGAK,33.5,34.22,,33.83,0.27,15444400
11/6/11 3:44,CAVVDVPFGGAK,33.6,34.35,,33.94,0.27,15519550
11/6/11 5:06,CAVVDVPFGGAK,33.68,34.4,,34.04,0.26,15804850
11/6/11 6:28,CAVVDVPFGGAK,33.76,34.45,,34.07,0.25,15993500
11/7/11 0:13,CAVVDVPFGGAK,34.33,35.08,,34.64,0.26,13615900
11/6/11 7:50,CAVVDVPFGGAK,33.73,34.43,,34.04,0.26,16335300
11/6/11 9:12,CAVVDVPFGGAK,33.83,34.56,,34.17,0.26,16912550
11/6/11 10:34,CAVVDVPFGGAK,34.04,34.74,,34.35,0.26,16658450
11/6/11 11:56,CAVVDVPFGGAK,33.99,34.71,,34.33,0.25,15863800
11/6/11 13:18,CAVVDVPFGGAK,34.01,34.74,,34.33,0.25,15323150
11/6/11 14:40,CAVVDVPFGGAK,33.94,34.66,,34.27,0.25,15709050
11/6/11 16:02,CAVVDVPFGGAK,33.96,34.69,,34.27,0.25,15747900
11/6/11 17:24,CAVVDVPFGGAK,34.04,34.77,,34.38,0.25,15162650
11/7/11 12:31,CAVVDVPFGGAK,34.01,34.74,,34.38,0.26,16701250
11/7/11 13:53,CAVVDVPFGGAK,33.96,34.69,,34.27,0.25,15679350
11/7/11 16:37,CAVVDVPFGGAK,33.96,34.69,,34.3,0.26,14342300
11/7/11 19:21,CAVVDVPFGGAK,33.96,34.71,,34.3,0.26,13373850
11/8/11 2:10,CAVVDVPFGGAK,33.99,34.69,,34.3,0.25,13308400
11/8/11 14:28,CAVVDVPFGGAK,34.17,34.9,,34.51,0.25,15654250
11/8/11 15:50,CAVVDVPFGGAK,33.86,34.56,,34.17,0.25,14587500
11/8/11 18:34,CAVVDVPFGGAK,34.14,34.82,,34.45,0.25,12416250
11/8/11 19:56,CAVVDVPFGGAK,34.01,34.74,,34.35,0.25,13358850
11/9/11 6:52,CAVVDVPFGGAK,33.91,34.58,,34.2,0.24,13155200
11/9/11 16:25,CAVVDVPFGGAK,34.35,35.05,,34.64,0.24,12771500
11/10/11 1:59,CAVVDVPFGGAK,34.69,35.39,,35.02,0.25,11582700
11/10/11 7:27,CAVVDVPFGGAK,34.22,34.9,,34.51,0.24,11714150
11/10/11 8:49,CAVVDVPFGGAK,34.09,34.74,,34.4,0.24,12710250
11/10/11 10:11,CAVVDVPFGGAK,33.83,34.51,,34.17,0.24,12884400
11/10/11 12:54,CAVVDVPFGGAK,33.99,34.66,,34.33,0.24,13110450
11/10/11 14:16,CAVVDVPFGGAK,33.83,34.56,,34.14,0.25,13681500
11/10/11 17:00,CAVVDVPFGGAK,34.01,34.66,,34.33,0.24,12602050
11/10/11 23:50,CAVVDVPFGGAK,33.88,34.61,,34.22,0.26,11326200
11/11/11 12:08,CAVVDVPFGGAK,33.19,33.94,,33.5,0.27,13452350
11/11/11 13:30,CAVVDVPFGGAK,33.13,33.86,,33.47,0.27,12858550
11/12/11 4:31,CAVVDVPFGGAK,33.5,34.25,,33.81,0.25,13434250
11/12/11 5:53,CAVVDVPFGGAK,33.39,34.09,,33.7,0.26,11258150
11/12/11 8:37,CAVVDVPFGGAK,33.31,34.04,,33.65,0.26,14246600
11/15/11 17:15,CAVVDVPFGGAK,33.91,34.56,,34.2,0.24,10992250
11/15/11 18:36,CAVVDVPFGGAK,33.86,34.56,,34.14,0.24,10487650
11/15/11 19:58,CAVVDVPFGGAK,33.68,34.43,,34.01,0.25,10083300
11/15/11 21:20,CAVVDVPFGGAK,33.86,34.56,,34.17,0.25,9842100
11/15/11 22:42,CAVVDVPFGGAK,33.99,34.69,,34.3,0.24,8922200
11/16/11 0:04,CAVVDVPFGGAK,34.01,34.71,,34.33,0.25,9582650
11/16/11 1:26,CAVVDVPFGGAK,33.99,34.71,,34.3,0.25,10184400
10/29/11 7:50,YNLGLDLR,34.64,35.28,,34.92,0.25,26639550
10/29/11 9:12,YNLGLDLR,34.64,35.34,,34.95,0.25,28443600
10/29/11 10:34,YNLGLDLR,34.53,35.23,,34.84,0.25,25862350
10/29/11 11:55,YNLGLDLR,34.56,35.26,,34.84,0.25,28172600
10/29/11 13:17,YNLGLDLR,34.51,35.21,,34.82,0.25,25940550
10/30/11 3:19,YNLGLDLR,34.22,34.9,,34.51,0.24,27372050
10/30/11 4:41,YNLGLDLR,34.27,34.9,,34.53,0.23,26581200
10/30/11 6:03,YNLGLDLR,34.2,34.84,,34.48,0.23,26516850
10/30/11 7:24,YNLGLDLR,34.17,34.82,,34.45,0.24,27113000
10/30/11 8:46,YNLGLDLR,34.25,34.9,,34.56,0.23,26171200
10/31/11 1:10,YNLGLDLR,34.14,34.82,,34.43,0.24,24882300
10/31/11 13:27,YNLGLDLR,34.4,35.05,,34.71,0.23,25245850
10/31/11 14:49,YNLGLDLR,34.43,35.05,,34.69,0.24,25604300
10/31/11 16:11,YNLGLDLR,34.38,35.02,,34.69,0.24,25005450
11/1/11 3:07,YNLGLDLR,34.48,35.15,,34.79,0.24,24072750
11/1/11 12:40,YNLGLDLR,34.17,34.82,,34.45,0.23,25516850
11/1/11 22:14,YNLGLDLR,33.83,34.53,,34.14,0.24,24344800
11/1/11 23:36,YNLGLDLR,33.83,34.51,,34.14,0.24,24848850
11/2/11 0:58,YNLGLDLR,33.94,34.61,,34.25,0.23,24104250
11/2/11 2:20,YNLGLDLR,33.96,34.64,,34.27,0.24,22378750
11/2/11 3:42,YNLGLDLR,34.12,34.77,,34.43,0.23,24760200
11/2/11 5:03,YNLGLDLR,34.01,34.71,,34.33,0.24,24301050
11/2/11 6:25,YNLGLDLR,34.12,34.77,,34.4,0.22,23383950
11/2/11 7:47,YNLGLDLR,34.01,34.66,,34.3,0.23,23821350
11/2/11 9:09,YNLGLDLR,34.09,34.74,,34.38,0.22,23372200
11/2/11 10:31,YNLGLDLR,34.01,34.66,,34.27,0.22,22796200
11/2/11 11:53,YNLGLDLR,34.12,34.77,,34.4,0.23,26268100
11/2/11 13:15,YNLGLDLR,34.09,34.74,,34.38,0.23,27128600
11/2/11 14:37,YNLGLDLR,34.27,34.9,,34.53,0.22,27488250
11/2/11 21:27,YNLGLDLR,34.27,34.95,,34.53,0.23,27474100
11/2/11 22:49,YNLGLDLR,34.35,35.05,,34.66,0.24,26299800
11/3/11 0:11,YNLGLDLR,34.43,35.1,,34.74,0.24,27350800
11/3/11 1:33,YNLGLDLR,34.4,35.1,,34.69,0.24,27298250
11/3/11 2:54,YNLGLDLR,34.33,34.97,,34.58,0.23,25903100
11/3/11 4:16,YNLGLDLR,34.14,34.82,,34.43,0.23,27089750
11/3/11 8:22,YNLGLDLR,34.2,34.84,,34.45,0.23,27471650
11/3/11 20:40,YNLGLDLR,34.04,34.71,,34.33,0.24,26859500
11/3/11 22:02,YNLGLDLR,34.2,34.84,,34.48,0.23,27336900
11/3/11 23:24,YNLGLDLR,34.25,34.9,,34.53,0.23,27258350
11/4/11 10:19,YNLGLDLR,33.6,34.25,,33.88,0.23,26645400
11/4/11 19:53,YNLGLDLR,33.86,34.51,,34.12,0.23,28152050
11/5/11 5:27,YNLGLDLR,33.96,34.64,,34.25,0.24,27860800
11/5/11 8:15,YNLGLDLR,33.86,34.51,,34.14,0.22,27823350
11/5/11 17:49,YNLGLDLR,33.96,34.61,,34.25,0.22,28836900
11/5/11 19:11,YNLGLDLR,33.96,34.61,,34.22,0.23,28514650
11/5/11 20:33,YNLGLDLR,33.94,34.58,,34.22,0.23,27334650
11/6/11 3:44,YNLGLDLR,34.07,34.77,,34.38,0.24,28007400
11/6/11 5:06,YNLGLDLR,34.07,34.74,,34.35,0.24,27613800
11/6/11 6:28,YNLGLDLR,34.09,34.77,,34.4,0.23,27801400
11/7/11 0:13,YNLGLDLR,34.79,35.44,,35.08,0.24,25938900
11/6/11 7:50,YNLGLDLR,34.07,34.77,,34.38,0.24,28267200
11/6/11 9:12,YNLGLDLR,34.22,34.87,,34.51,0.23,28167600
11/6/11 10:34,YNLGLDLR,34.4,35.08,,34.69,0.22,27905850
11/6/11 11:56,YNLGLDLR,34.35,35.02,,34.64,0.23,27388950
11/6/11 13:18,YNLGLDLR,34.38,35.05,,34.66,0.23,27155850
11/6/11 14:40,YNLGLDLR,34.3,34.97,,34.58,0.23,27698950
11/6/11 16:02,YNLGLDLR,34.35,35.02,,34.64,0.23,27283850
11/6/11 17:24,YNLGLDLR,34.43,35.13,,34.71,0.24,26504650
11/7/11 12:31,YNLGLDLR,34.4,35.05,,34.69,0.23,27134900
11/7/11 13:53,YNLGLDLR,34.38,35.02,,34.66,0.23,26356750
11/7/11 16:37,YNLGLDLR,34.38,35.05,,34.69,0.23,26323200
11/7/11 19:21,YNLGLDLR,34.4,35.08,,34.71,0.23,25254800
11/8/11 2:10,YNLGLDLR,34.35,35.02,,34.64,0.23,25767450
11/8/11 14:28,YNLGLDLR,34.58,35.23,,34.9,0.23,26366150
11/8/11 15:50,YNLGLDLR,34.25,34.92,,34.53,0.23,25922200
11/8/11 18:34,YNLGLDLR,34.53,35.15,,34.79,0.23,23194900
11/8/11 19:56,YNLGLDLR,34.43,35.13,,34.74,0.23,24732300
11/9/11 6:52,YNLGLDLR,34.22,34.87,,34.51,0.22,24850350
11/9/11 16:25,YNLGLDLR,34.69,35.34,,34.97,0.23,24836300
11/10/11 1:59,YNLGLDLR,35.08,35.72,,35.36,0.23,23055900
11/10/11 7:27,YNLGLDLR,34.51,35.15,,34.79,0.22,23393750
11/10/11 8:49,YNLGLDLR,34.38,35.02,,34.64,0.22,24082300
11/10/11 10:11,YNLGLDLR,34.12,34.79,,34.4,0.22,24384950
11/10/11 12:54,YNLGLDLR,34.33,34.97,,34.61,0.23,26466050
11/10/11 14:16,YNLGLDLR,34.2,34.87,,34.51,0.22,27140600
11/10/11 17:00,YNLGLDLR,34.38,34.95,,34.64,0.19,25863050
11/10/11 23:50,YNLGLDLR,34.3,34.97,,34.61,0.23,23907900
11/11/11 12:08,YNLGLDLR,33.6,34.27,,33.91,0.25,25468650
11/11/11 13:30,YNLGLDLR,33.57,34.27,,33.86,0.24,25009100
11/12/11 4:31,YNLGLDLR,33.94,34.61,,34.22,0.23,26526800
11/12/11 5:53,YNLGLDLR,33.76,34.43,,34.07,0.23,20787950
11/12/11 8:37,YNLGLDLR,33.68,34.35,,33.99,0.23,27451150
11/15/11 17:15,YNLGLDLR,34.38,35.05,,34.66,0.24,22181300
11/15/11 18:36,YNLGLDLR,34.3,34.97,,34.64,0.23,20621200
11/15/11 19:58,YNLGLDLR,34.17,34.84,,34.45,0.25,21119750
11/15/11 21:20,YNLGLDLR,34.33,35,,34.64,0.24,20329000
11/15/11 22:42,YNLGLDLR,34.48,35.18,,34.82,0.25,17286100
11/16/11 0:04,YNLGLDLR,34.51,35.21,,34.84,0.24,19936300
11/16/11 1:26,YNLGLDLR,34.51,35.18,,34.82,0.23,20434100
10/29/11 7:50,TAAYVNAIEK,24.38,24.84,,24.61,0.17,10282250
10/29/11 9:12,TAAYVNAIEK,24.48,24.95,,24.71,0.18,10858650
10/29/11 10:34,TAAYVNAIEK,24.33,24.79,,24.53,0.17,9818050
10/29/11 11:55,TAAYVNAIEK,24.35,24.82,,24.56,0.18,10743150
10/29/11 13:17,TAAYVNAIEK,24.33,24.82,,24.56,0.17,9999650
10/30/11 3:19,TAAYVNAIEK,24.07,24.53,,24.3,0.17,9219000
10/30/11 4:41,TAAYVNAIEK,24.14,24.58,,24.35,0.16,9091900
10/30/11 6:03,TAAYVNAIEK,24.12,24.56,,24.33,0.17,8930100
10/30/11 7:24,TAAYVNAIEK,24.09,24.58,,24.33,0.18,9531500
10/30/11 8:46,TAAYVNAIEK,24.12,24.56,,24.33,0.16,9337250
10/31/11 1:10,TAAYVNAIEK,24.07,24.51,,24.27,0.17,8617500
10/31/11 13:27,TAAYVNAIEK,24.33,24.74,,24.51,0.16,8432950
10/31/11 14:49,TAAYVNAIEK,24.27,24.74,,24.46,0.18,9130250
10/31/11 16:11,TAAYVNAIEK,24.3,24.71,,24.51,0.16,8666450
11/1/11 3:07,TAAYVNAIEK,24.35,24.82,,24.58,0.17,7740550
11/1/11 12:40,TAAYVNAIEK,24.27,24.71,,24.48,0.17,8848300
11/1/11 22:14,TAAYVNAIEK,24.01,24.43,,24.2,0.16,7574900
11/1/11 23:36,TAAYVNAIEK,24.01,24.46,,24.22,0.17,7766050
11/2/11 0:58,TAAYVNAIEK,24.04,24.51,,24.25,0.17,7509250
11/2/11 2:20,TAAYVNAIEK,24.07,24.53,,24.27,0.17,7080000
11/2/11 3:42,TAAYVNAIEK,23.96,24.43,,24.17,0.16,7430900
11/2/11 5:03,TAAYVNAIEK,24.01,24.46,,24.22,0.17,7395300
11/2/11 6:25,TAAYVNAIEK,24.09,24.53,,24.27,0.16,7353800
11/2/11 7:47,TAAYVNAIEK,24.2,24.64,,24.4,0.17,7941550
11/2/11 9:09,TAAYVNAIEK,24.33,24.77,,24.53,0.17,7961350
11/2/11 10:31,TAAYVNAIEK,24.25,24.69,,24.48,0.16,8010600
11/2/11 11:53,TAAYVNAIEK,24.38,24.82,,24.58,0.17,9504950
11/2/11 13:15,TAAYVNAIEK,24.3,24.71,,24.48,0.16,9560050
11/2/11 14:37,TAAYVNAIEK,24.46,24.9,,24.66,0.15,9833250
11/2/11 21:27,TAAYVNAIEK,24.27,24.71,,24.48,0.16,8827850
11/2/11 22:49,TAAYVNAIEK,24.38,24.82,,24.58,0.16,8531250
11/3/11 0:11,TAAYVNAIEK,24.43,24.87,,24.64,0.16,8851850
11/3/11 1:33,TAAYVNAIEK,24.51,24.95,,24.69,0.16,8720450
11/3/11 2:54,TAAYVNAIEK,24.38,24.84,,24.58,0.17,8100850
11/3/11 4:16,TAAYVNAIEK,24.22,24.69,,24.46,0.16,8627650
11/3/11 8:22,TAAYVNAIEK,24.51,24.97,,24.69,0.17,8770200
11/3/11 20:40,TAAYVNAIEK,24.2,24.58,,24.38,0.14,9333050
11/3/11 22:02,TAAYVNAIEK,24.33,24.74,,24.53,0.16,9237300
11/3/11 23:24,TAAYVNAIEK,24.33,24.79,,24.56,0.17,9076050
11/4/11 10:19,TAAYVNAIEK,24.04,24.48,,24.25,0.16,8682550
11/4/11 19:53,TAAYVNAIEK,24.07,24.51,,24.27,0.16,8673900
11/5/11 5:27,TAAYVNAIEK,23.96,24.43,,24.2,0.17,7518250
11/5/11 8:15,TAAYVNAIEK,23.89,24.33,,24.12,0.16,8999850
11/5/11 17:49,TAAYVNAIEK,24.01,24.48,,24.25,0.17,7928050
11/5/11 19:11,TAAYVNAIEK,23.94,24.4,,24.17,0.17,8154500
11/5/11 20:33,TAAYVNAIEK,23.89,24.35,,24.12,0.16,7451650
11/6/11 3:44,TAAYVNAIEK,24.01,24.51,,24.25,0.17,7693800
11/6/11 5:06,TAAYVNAIEK,24.17,24.66,,24.38,0.17,7895100
11/6/11 6:28,TAAYVNAIEK,24.35,24.79,,24.56,0.17,8259900
11/7/11 0:13,TAAYVNAIEK,24.87,25.31,,25.08,0.17,6958050
11/6/11 7:50,TAAYVNAIEK,24.35,24.82,,24.56,0.16,8770850
11/6/11 9:12,TAAYVNAIEK,24.38,24.82,,24.61,0.16,8709300
11/6/11 10:34,TAAYVNAIEK,24.58,25.05,,24.82,0.17,8972200
11/6/11 11:56,TAAYVNAIEK,24.56,25.05,,24.79,0.17,8651300
11/6/11 13:18,TAAYVNAIEK,24.58,25.05,,24.82,0.17,8008750
11/6/11 14:40,TAAYVNAIEK,24.56,25,,24.74,0.16,8302000
11/6/11 16:02,TAAYVNAIEK,24.53,24.97,,24.74,0.16,8256700
11/6/11 17:24,TAAYVNAIEK,24.64,25.1,,24.84,0.17,8034100
11/7/11 12:31,TAAYVNAIEK,24.3,24.77,,24.53,0.16,8224050
11/7/11 13:53,TAAYVNAIEK,24.46,24.92,,24.69,0.17,8377800
11/7/11 16:37,TAAYVNAIEK,24.69,25.1,,24.9,0.15,7799150
11/7/11 19:21,TAAYVNAIEK,24.58,25.03,,24.79,0.16,7194700
11/8/11 2:10,TAAYVNAIEK,24.48,24.95,,24.71,0.17,6562900
11/8/11 14:28,TAAYVNAIEK,24.64,25.1,,24.87,0.17,7561400
11/8/11 15:50,TAAYVNAIEK,24.53,25,,24.77,0.16,7910200
11/8/11 18:34,TAAYVNAIEK,24.71,25.13,,24.92,0.15,6610000
11/8/11 19:56,TAAYVNAIEK,24.58,25.05,,24.82,0.18,7109950
11/9/11 6:52,TAAYVNAIEK,24.43,24.9,,24.64,0.16,6329450
11/9/11 16:25,TAAYVNAIEK,24.92,25.44,,25.18,0.18,6805550
11/10/11 1:59,TAAYVNAIEK,25.18,25.65,,25.41,0.17,5930700
11/10/11 7:27,TAAYVNAIEK,24.95,25.41,,25.18,0.16,5933950
11/10/11 8:49,TAAYVNAIEK,24.84,25.31,,25.05,0.17,6540150
11/10/11 10:11,TAAYVNAIEK,24.61,25.08,,24.84,0.17,6722350
11/10/11 12:54,TAAYVNAIEK,24.71,25.13,,24.92,0.16,6599950
11/10/11 14:16,TAAYVNAIEK,24.56,24.97,,24.77,0.15,6892850
11/10/11 17:00,TAAYVNAIEK,24.82,25.26,,25.03,0.15,6327050
11/10/11 23:50,TAAYVNAIEK,24.64,25.08,,24.84,0.17,5014750
11/11/11 12:08,TAAYVNAIEK,23.81,24.25,,24.01,0.16,6561350
11/11/11 13:30,TAAYVNAIEK,24.2,24.64,,24.38,0.15,6144800
11/12/11 4:31,TAAYVNAIEK,24.17,24.64,,24.38,0.16,5421950
11/12/11 5:53,TAAYVNAIEK,24.09,24.53,,24.3,0.15,5164300
11/12/11 8:37,TAAYVNAIEK,23.99,24.43,,24.2,0.17,5841900
11/15/11 17:15,TAAYVNAIEK,24.64,25.13,,24.87,0.16,5756400
11/15/11 18:36,TAAYVNAIEK,24.64,25.1,,24.87,0.15,5563750
11/15/11 19:58,TAAYVNAIEK,24.53,24.97,,24.74,0.17,5481000
11/15/11 21:20,TAAYVNAIEK,24.61,25.13,,24.87,0.18,5055850
11/15/11 22:42,TAAYVNAIEK,24.61,25.08,,24.84,0.2,4590500
11/16/11 0:04,TAAYVNAIEK,24.66,25.15,,24.87,0.19,4808150
11/16/11 1:26,TAAYVNAIEK,24.71,25.21,,24.95,0.17,4838650
10/29/11 7:50,FFVAPFPEVFGK,51.37,52.1,,51.66,0.26,32475000
10/29/11 9:12,FFVAPFPEVFGK,51.22,51.94,,51.45,0.26,35125248
10/29/11 10:34,FFVAPFPEVFGK,51.14,51.89,,51.37,0.27,32383650
10/29/11 11:55,FFVAPFPEVFGK,51.29,52.04,,51.58,0.27,33973700
10/29/11 13:17,FFVAPFPEVFGK,51.14,51.86,,51.42,0.28,31969500
10/30/11 3:19,FFVAPFPEVFGK,50.93,51.66,,51.19,0.26,34286500
10/30/11 4:41,FFVAPFPEVFGK,50.93,51.6,,51.16,0.25,33151400
10/30/11 6:03,FFVAPFPEVFGK,50.85,51.55,,51.09,0.26,33057400
10/30/11 7:24,FFVAPFPEVFGK,50.85,51.55,,51.11,0.26,33946752
10/30/11 8:46,FFVAPFPEVFGK,50.91,51.6,,51.14,0.26,32530150
10/31/11 1:10,FFVAPFPEVFGK,50.78,51.48,,51.06,0.25,29228000
10/31/11 13:27,FFVAPFPEVFGK,50.98,51.66,,51.24,0.25,29322800
10/31/11 14:49,FFVAPFPEVFGK,50.93,51.63,,51.22,0.25,30449050
10/31/11 16:11,FFVAPFPEVFGK,50.93,51.63,,51.22,0.26,29040950
11/1/11 3:07,FFVAPFPEVFGK,51.03,51.71,,51.32,0.24,26912250
11/1/11 12:40,FFVAPFPEVFGK,50.67,51.35,,50.91,0.26,31510700
11/1/11 22:14,FFVAPFPEVFGK,50.39,51.09,,50.62,0.26,30066800
11/1/11 23:36,FFVAPFPEVFGK,50.28,50.98,,50.54,0.25,30354250
11/2/11 0:58,FFVAPFPEVFGK,50.39,51.11,,50.67,0.26,28956250
11/2/11 2:20,FFVAPFPEVFGK,50.49,51.16,,50.78,0.25,26602550
11/2/11 3:42,FFVAPFPEVFGK,50.46,51.16,,50.75,0.26,29081800
11/2/11 5:03,FFVAPFPEVFGK,50.49,51.16,,50.78,0.25,28639150
11/2/11 6:25,FFVAPFPEVFGK,50.62,51.32,,50.91,0.27,27535100
11/2/11 7:47,FFVAPFPEVFGK,50.57,51.24,,50.83,0.24,28307350
11/2/11 9:09,FFVAPFPEVFGK,50.52,51.19,,50.8,0.25,27569600
11/2/11 10:31,FFVAPFPEVFGK,50.41,51.09,,50.67,0.25,26599150
11/2/11 11:53,FFVAPFPEVFGK,50.54,51.24,,50.83,0.26,28836000
11/2/11 13:15,FFVAPFPEVFGK,50.54,51.22,,50.83,0.25,31024550
11/2/11 14:37,FFVAPFPEVFGK,50.7,51.4,,50.98,0.25,31560650
11/2/11 21:27,FFVAPFPEVFGK,50.59,51.32,,50.83,0.27,26950250
11/2/11 22:49,FFVAPFPEVFGK,50.7,51.4,,50.98,0.24,24188850
11/3/11 0:11,FFVAPFPEVFGK,50.72,51.42,,51.09,0.28,23598600
11/3/11 1:33,FFVAPFPEVFGK,50.78,51.48,,51.06,0.26,30328000
11/3/11 2:54,FFVAPFPEVFGK,50.83,51.48,,51.09,0.25,26699900
11/3/11 4:16,FFVAPFPEVFGK,50.7,51.42,,50.98,0.27,29333150
11/3/11 8:22,FFVAPFPEVFGK,50.54,51.22,,50.8,0.25,29334350
11/3/11 20:40,FFVAPFPEVFGK,50.62,51.32,,50.91,0.26,28500050
11/3/11 22:02,FFVAPFPEVFGK,50.57,51.27,,50.85,0.26,29101250
11/3/11 23:24,FFVAPFPEVFGK,50.65,51.35,,50.93,0.25,29010000
11/4/11 10:19,FFVAPFPEVFGK,50.08,50.75,,50.34,0.25,30094100
11/4/11 19:53,FFVAPFPEVFGK,50.34,51.06,,50.59,0.27,32880350
11/5/11 5:27,FFVAPFPEVFGK,50.49,51.19,,50.78,0.27,33287500
11/5/11 8:15,FFVAPFPEVFGK,50.23,50.96,,50.52,0.27,32458800
11/5/11 17:49,FFVAPFPEVFGK,50.31,51.03,,50.59,0.25,28291500
11/5/11 19:11,FFVAPFPEVFGK,50.41,51.14,,50.67,0.27,27003550
11/5/11 20:33,FFVAPFPEVFGK,50.46,51.16,,50.75,0.27,32338700
11/6/11 3:44,FFVAPFPEVFGK,50.49,51.24,,50.8,0.29,32496150
11/6/11 5:06,FFVAPFPEVFGK,50.57,51.29,,50.83,0.27,32379450
11/6/11 6:28,FFVAPFPEVFGK,50.59,51.27,,50.88,0.21,25267400
11/7/11 0:13,FFVAPFPEVFGK,51.11,51.84,,51.42,0.27,28137350
11/6/11 7:50,FFVAPFPEVFGK,50.49,51.19,,50.8,0.26,27266000
11/6/11 9:12,FFVAPFPEVFGK,50.7,51.42,,50.98,0.21,27924100
11/6/11 10:34,FFVAPFPEVFGK,50.91,51.6,,51.19,0.26,26119850
11/6/11 11:56,FFVAPFPEVFGK,50.83,51.53,,51.11,0.24,20221150
11/6/11 13:18,FFVAPFPEVFGK,50.88,51.58,,51.14,0.25,29125200
11/6/11 14:40,FFVAPFPEVFGK,50.67,51.37,,50.93,0.26,23246200
11/6/11 16:02,FFVAPFPEVFGK,50.83,51.53,,51.09,0.26,30080900
11/6/11 17:24,FFVAPFPEVFGK,50.96,51.71,,51.27,0.27,28402350
11/7/11 12:31,FFVAPFPEVFGK,50.8,51.5,,51.09,0.21,21597200
11/7/11 13:53,FFVAPFPEVFGK,50.57,51.27,,50.83,0.25,27796800
11/7/11 16:37,FFVAPFPEVFGK,50.72,51.45,,50.98,0.28,27347350
11/7/11 19:21,FFVAPFPEVFGK,50.65,51.32,,50.91,0.25,21125250
11/8/11 2:10,FFVAPFPEVFGK,50.57,51.29,,50.85,0.27,29577300
11/8/11 14:28,FFVAPFPEVFGK,50.57,51.27,,50.85,0.27,27540250
11/8/11 15:50,FFVAPFPEVFGK,50.54,51.24,,50.8,0.26,26538200
11/8/11 18:34,FFVAPFPEVFGK,50.59,51.27,,50.83,0.25,22314350
11/8/11 19:56,FFVAPFPEVFGK,50.7,51.4,,50.96,0.26,24808500
11/9/11 6:52,FFVAPFPEVFGK,50.26,50.98,,50.57,0.27,27826400
11/9/11 16:25,FFVAPFPEVFGK,50.85,51.55,,51.11,0.25,22464100
11/10/11 1:59,FFVAPFPEVFGK,50.96,51.63,,51.24,0.25,20774200
11/10/11 7:27,FFVAPFPEVFGK,50.49,51.19,,50.78,0.26,22674200
11/10/11 8:49,FFVAPFPEVFGK,50.46,51.16,,50.78,0.25,23919700
11/10/11 10:11,FFVAPFPEVFGK,50.36,51.03,,50.62,0.25,24635450
11/10/11 12:54,FFVAPFPEVFGK,50.49,51.19,,50.75,0.26,29038050
11/10/11 14:16,FFVAPFPEVFGK,50.18,50.88,,50.49,0.27,30402200
11/10/11 17:00,FFVAPFPEVFGK,50.31,51.03,,50.62,0.27,30121150
11/10/11 23:50,FFVAPFPEVFGK,50.52,51.19,,50.85,0.27,30764100
11/11/11 12:08,FFVAPFPEVFGK,49.82,50.54,,50.13,0.28,32967500
11/11/11 13:30,FFVAPFPEVFGK,50,50.72,,50.28,0.26,32069450
11/12/11 4:31,FFVAPFPEVFGK,50.34,51.06,,50.62,0.28,36328900
11/12/11 5:53,FFVAPFPEVFGK,50.05,50.78,,50.36,0.27,28080350
11/12/11 8:37,FFVAPFPEVFGK,49.95,50.67,,50.23,0.27,33391300
11/15/11 17:15,FFVAPFPEVFGK,50.72,51.4,,50.98,0.25,19357800
11/15/11 18:36,FFVAPFPEVFGK,50.59,51.29,,50.88,0.26,20245100
11/15/11 19:58,FFVAPFPEVFGK,50.52,51.24,,50.78,0.26,20836050
11/15/11 21:20,FFVAPFPEVFGK,50.57,51.29,,50.83,0.26,19830200
11/15/11 22:42,FFVAPFPEVFGK,50.7,51.37,,50.98,0.26,16366950
11/16/11 0:04,FFVAPFPEVFGK,50.57,51.27,,50.85,0.26,19672850
11/16/11 1:26,FFVAPFPEVFGK,50.49,51.19,,50.75,0.25,20547550
10/29/11 7:50,LVNELTEFAK,34.2,34.84,,34.48,0.24,16355550
10/29/11 9:12,LVNELTEFAK,34.22,34.84,,34.51,0.24,16999500
10/29/11 10:34,LVNELTEFAK,34.12,34.74,,34.38,0.24,15518300
10/29/11 11:55,LVNELTEFAK,34.14,34.77,,34.4,0.23,16642900
10/29/11 13:17,LVNELTEFAK,34.09,34.74,,34.35,0.23,15601200
10/30/11 3:19,LVNELTEFAK,33.81,34.43,,34.07,0.22,15961800
10/30/11 4:41,LVNELTEFAK,33.86,34.45,,34.09,0.21,15890200
10/30/11 6:03,LVNELTEFAK,33.78,34.38,,34.04,0.21,16197200
10/30/11 7:24,LVNELTEFAK,33.78,34.35,,34.01,0.21,16916950
10/30/11 8:46,LVNELTEFAK,33.86,34.45,,34.09,0.21,16618950
10/31/11 1:10,LVNELTEFAK,33.73,34.35,,33.99,0.21,14279750
10/31/11 13:27,LVNELTEFAK,34.01,34.61,,34.27,0.21,15924650
10/31/11 14:49,LVNELTEFAK,34.01,34.61,,34.27,0.21,15870000
10/31/11 16:11,LVNELTEFAK,33.99,34.58,,34.22,0.21,14836050
11/1/11 3:07,LVNELTEFAK,34.09,34.69,,34.35,0.21,12647050
11/1/11 12:40,LVNELTEFAK,33.76,34.35,,34.01,0.2,15266450
11/1/11 22:14,LVNELTEFAK,33.42,34.04,,33.7,0.22,12391750
11/1/11 23:36,LVNELTEFAK,33.42,34.04,,33.7,0.24,12652250
11/2/11 0:58,LVNELTEFAK,33.55,34.17,,33.81,0.21,12281500
11/2/11 2:20,LVNELTEFAK,33.52,34.17,,33.81,0.23,11396200
11/2/11 3:42,LVNELTEFAK,33.73,34.33,,33.99,0.21,12139800
11/2/11 5:03,LVNELTEFAK,33.63,34.25,,33.86,0.22,11925850
11/2/11 6:25,LVNELTEFAK,33.73,34.33,,33.96,0.2,12193050
11/2/11 7:47,LVNELTEFAK,33.6,34.17,,33.86,0.2,13296900
11/2/11 9:09,LVNELTEFAK,33.73,34.27,,33.96,0.19,13540350
11/2/11 10:31,LVNELTEFAK,33.63,34.2,,33.88,0.19,13779900
11/2/11 11:53,LVNELTEFAK,33.73,34.3,,33.99,0.2,14974850
11/2/11 13:15,LVNELTEFAK,33.7,34.25,,33.94,0.2,15230550
11/2/11 14:37,LVNELTEFAK,33.88,34.45,,34.12,0.2,15800600
11/2/11 21:27,LVNELTEFAK,33.88,34.48,,34.14,0.21,13815450
11/2/11 22:49,LVNELTEFAK,33.96,34.58,,34.25,0.21,13371900
11/3/11 0:11,LVNELTEFAK,34.01,34.66,,34.3,0.22,13801250
11/3/11 1:33,LVNELTEFAK,34.01,34.64,,34.27,0.22,13581850
11/3/11 2:54,LVNELTEFAK,33.94,34.51,,34.2,0.2,12550700
11/3/11 4:16,LVNELTEFAK,33.73,34.35,,33.99,0.22,13072500
11/3/11 8:22,LVNELTEFAK,33.81,34.38,,34.04,0.2,14008650
11/3/11 20:40,LVNELTEFAK,33.63,34.25,,33.88,0.21,14906150
11/3/11 22:02,LVNELTEFAK,33.81,34.38,,34.07,0.21,14610100
11/3/11 23:24,LVNELTEFAK,33.88,34.45,,34.12,0.2,14338150
11/4/11 10:19,LVNELTEFAK,33.21,33.81,,33.47,0.21,14309250
11/4/11 19:53,LVNELTEFAK,33.47,34.04,,33.73,0.21,13578250
11/5/11 5:27,LVNELTEFAK,33.57,34.2,,33.83,0.21,12282850
11/5/11 8:15,LVNELTEFAK,33.47,34.07,,33.73,0.2,14036300
11/5/11 17:49,LVNELTEFAK,33.6,34.2,,33.83,0.21,12978650
11/5/11 19:11,LVNELTEFAK,33.57,34.17,,33.81,0.22,13078500
11/5/11 20:33,LVNELTEFAK,33.52,34.14,,33.81,0.21,12626250
11/6/11 3:44,LVNELTEFAK,33.68,34.33,,33.96,0.22,12463900
11/6/11 5:06,LVNELTEFAK,33.68,34.27,,33.94,0.2,12660150
11/6/11 6:28,LVNELTEFAK,33.7,34.3,,33.96,0.21,13126300
11/7/11 0:13,LVNELTEFAK,34.4,35.02,,34.66,0.22,10543600
11/6/11 7:50,LVNELTEFAK,33.7,34.27,,33.96,0.2,13530800
11/6/11 9:12,LVNELTEFAK,33.83,34.45,,34.12,0.21,13788300
11/6/11 10:34,LVNELTEFAK,34.01,34.61,,34.27,0.21,13942950
11/6/11 11:56,LVNELTEFAK,33.99,34.58,,34.22,0.2,12709400
11/6/11 13:18,LVNELTEFAK,34.01,34.61,,34.27,0.2,12786550
11/6/11 14:40,LVNELTEFAK,33.94,34.53,,34.17,0.21,12973050
11/6/11 16:02,LVNELTEFAK,33.96,34.56,,34.25,0.2,12829550
11/6/11 17:24,LVNELTEFAK,34.07,34.69,,34.33,0.21,12468650
11/7/11 12:31,LVNELTEFAK,34.01,34.61,,34.27,0.21,13796450
11/7/11 13:53,LVNELTEFAK,33.99,34.58,,34.25,0.21,12957950
11/7/11 16:37,LVNELTEFAK,33.99,34.61,,34.25,0.22,11594250
11/7/11 19:21,LVNELTEFAK,34.01,34.64,,34.3,0.21,10843400
11/8/11 2:10,LVNELTEFAK,33.99,34.58,,34.25,0.2,10145250
11/8/11 14:28,LVNELTEFAK,34.2,34.82,,34.45,0.2,12971600
11/8/11 15:50,LVNELTEFAK,33.88,34.48,,34.14,0.21,11826800
11/8/11 18:34,LVNELTEFAK,34.14,34.74,,34.4,0.21,9869450
11/8/11 19:56,LVNELTEFAK,34.07,34.66,,34.33,0.21,10440300
11/9/11 6:52,LVNELTEFAK,33.86,34.43,,34.09,0.2,10241500
11/9/11 16:25,LVNELTEFAK,34.33,34.92,,34.56,0.19,10000650
11/10/11 1:59,LVNELTEFAK,34.69,35.28,,34.95,0.2,8788350
11/10/11 7:27,LVNELTEFAK,34.14,34.69,,34.4,0.2,8781350
11/10/11 8:49,LVNELTEFAK,34.01,34.58,,34.25,0.2,9910950
11/10/11 10:11,LVNELTEFAK,33.76,34.33,,34.01,0.19,10240200
11/10/11 12:54,LVNELTEFAK,33.96,34.53,,34.22,0.2,10589200
11/10/11 14:16,LVNELTEFAK,33.83,34.43,,34.09,0.2,11073600
11/10/11 17:00,LVNELTEFAK,34.01,34.58,,34.27,0.2,9989950
11/10/11 23:50,LVNELTEFAK,33.94,34.56,,34.2,0.22,8412700
11/11/11 12:08,LVNELTEFAK,33.21,33.86,,33.5,0.21,10699900
11/11/11 13:30,LVNELTEFAK,33.16,33.81,,33.44,0.23,10150550
11/12/11 4:31,LVNELTEFAK,33.55,34.17,,33.81,0.21,9909850
11/12/11 5:53,LVNELTEFAK,33.39,34.01,,33.68,0.21,8808500
11/12/11 8:37,LVNELTEFAK,33.31,33.94,,33.57,0.21,10919850
11/15/11 17:15,LVNELTEFAK,33.99,34.61,,34.25,0.22,9580200
11/15/11 18:36,LVNELTEFAK,33.94,34.53,,34.17,0.21,8881850
11/15/11 19:58,LVNELTEFAK,33.78,34.4,,34.04,0.21,8087100
11/15/11 21:20,LVNELTEFAK,33.96,34.56,,34.2,0.21,8061200
11/15/11 22:42,LVNELTEFAK,34.12,34.74,,34.38,0.23,7232450
11/16/11 0:04,LVNELTEFAK,34.12,34.77,,34.38,0.22,7629650
11/16/11 1:26,LVNELTEFAK,34.12,34.74,,34.4,0.22,7736150
10/29/11 7:50,SLHTLFGDELCK,35.93,36.61,,36.22,0.25,1608200
10/29/11 9:12,SLHTLFGDELCK,35.98,36.66,,36.27,0.24,1775550
10/29/11 10:34,SLHTLFGDELCK,35.85,36.55,,36.16,0.24,1564650
10/29/11 11:55,SLHTLFGDELCK,35.88,36.58,,36.14,0.24,1743450
10/29/11 13:17,SLHTLFGDELCK,35.8,36.48,,36.09,0.25,1566150
10/30/11 3:19,SLHTLFGDELCK,35.44,36.11,,35.72,0.25,1667700
10/30/11 4:41,SLHTLFGDELCK,35.44,36.09,,35.72,0.24,1701100
10/30/11 6:03,SLHTLFGDELCK,35.28,35.93,,35.54,0.22,1652550
10/30/11 7:24,SLHTLFGDELCK,35.34,35.96,,35.59,0.23,1703750
10/30/11 8:46,SLHTLFGDELCK,35.41,36.04,,35.65,0.22,1536300
10/31/11 1:10,SLHTLFGDELCK,35.31,36.01,,35.59,0.24,1727450
10/31/11 13:27,SLHTLFGDELCK,35.54,36.11,,35.78,0.21,1704100
10/31/11 14:49,SLHTLFGDELCK,35.57,36.19,,35.83,0.22,1766150
10/31/11 16:11,SLHTLFGDELCK,35.54,36.14,,35.8,0.22,1641200
11/1/11 3:07,SLHTLFGDELCK,35.65,36.35,,35.93,0.24,1631350
11/1/11 12:40,SLHTLFGDELCK,35.21,35.83,,35.49,0.22,1943950
11/1/11 22:14,SLHTLFGDELCK,35.02,35.75,,35.34,0.25,1753850
11/1/11 23:36,SLHTLFGDELCK,35.02,35.7,,35.28,0.23,1786450
11/2/11 0:58,SLHTLFGDELCK,35.08,35.78,,35.41,0.24,1644500
11/2/11 2:20,SLHTLFGDELCK,35.15,35.85,,35.47,0.25,1494700
11/2/11 3:42,SLHTLFGDELCK,35.26,35.96,,35.52,0.25,1800000
11/2/11 5:03,SLHTLFGDELCK,35.21,35.91,,35.52,0.23,1730750
11/2/11 6:25,SLHTLFGDELCK,35.23,35.85,,35.52,0.23,1643000
11/2/11 7:47,SLHTLFGDELCK,35.05,35.7,,35.36,0.23,1774250
11/2/11 9:09,SLHTLFGDELCK,35.1,35.78,,35.36,0.22,1704100
11/2/11 10:31,SLHTLFGDELCK,35,35.65,,35.28,0.21,1600750
11/2/11 11:53,SLHTLFGDELCK,35.18,35.78,,35.44,0.21,1737800
11/2/11 13:15,SLHTLFGDELCK,35.15,35.75,,35.41,0.22,1782100
11/2/11 14:37,SLHTLFGDELCK,35.31,35.96,,35.57,0.23,1769950
11/2/11 21:27,SLHTLFGDELCK,35.39,36.04,,35.67,0.23,1952850
11/2/11 22:49,SLHTLFGDELCK,35.54,36.19,,35.8,0.22,1818150
11/3/11 0:11,SLHTLFGDELCK,35.59,36.24,,35.85,0.21,1894600
11/3/11 1:33,SLHTLFGDELCK,35.59,36.27,,35.88,0.22,1830800
11/3/11 2:54,SLHTLFGDELCK,35.47,36.11,,35.72,0.25,1725500
11/3/11 4:16,SLHTLFGDELCK,35.28,35.96,,35.57,0.23,1880500
11/3/11 8:22,SLHTLFGDELCK,35.21,35.83,,35.44,0.23,2077100
11/3/11 20:40,SLHTLFGDELCK,35.15,35.83,,35.44,0.24,1801200
11/3/11 22:02,SLHTLFGDELCK,35.26,35.91,,35.52,0.22,1894850
11/3/11 23:24,SLHTLFGDELCK,35.34,35.98,,35.59,0.22,1858200
11/4/11 10:19,SLHTLFGDELCK,34.69,35.34,,34.95,0.23,1972200
11/4/11 19:53,SLHTLFGDELCK,34.95,35.62,,35.23,0.24,2405900
11/5/11 5:27,SLHTLFGDELCK,35.13,35.8,,35.39,0.22,2507550
11/5/11 8:15,SLHTLFGDELCK,34.95,35.62,,35.23,0.24,2122000
11/5/11 17:49,SLHTLFGDELCK,35.15,35.78,,35.39,0.24,2510750
11/5/11 19:11,SLHTLFGDELCK,35.1,35.75,,35.36,0.23,2510100
11/5/11 20:33,SLHTLFGDELCK,35.08,35.8,,35.39,0.24,2301100
11/6/11 3:44,SLHTLFGDELCK,35.28,35.93,,35.54,0.24,2306500
11/6/11 5:06,SLHTLFGDELCK,35.15,35.83,,35.41,0.24,2317750
11/6/11 6:28,SLHTLFGDELCK,35.18,35.85,,35.47,0.22,2280750
11/7/11 0:13,SLHTLFGDELCK,35.93,36.63,,36.22,0.23,2029650
11/6/11 7:50,SLHTLFGDELCK,35.15,35.78,,35.41,0.25,2243400
11/6/11 9:12,SLHTLFGDELCK,35.28,35.91,,35.54,0.23,2262600
11/6/11 10:34,SLHTLFGDELCK,35.49,36.14,,35.72,0.24,2196200
11/6/11 11:56,SLHTLFGDELCK,35.41,36.06,,35.72,0.24,2159400
11/6/11 13:18,SLHTLFGDELCK,35.49,36.11,,35.75,0.24,1978750
11/6/11 14:40,SLHTLFGDELCK,35.39,36.04,,35.67,0.24,2007550
11/6/11 16:02,SLHTLFGDELCK,35.47,36.11,,35.75,0.23,1986600
11/6/11 17:24,SLHTLFGDELCK,35.57,36.27,,35.88,0.23,1869150
11/7/11 12:31,SLHTLFGDELCK,35.47,36.14,,35.78,0.23,1945100
11/7/11 13:53,SLHTLFGDELCK,35.47,36.14,,35.78,0.22,1855700
11/7/11 16:37,SLHTLFGDELCK,35.54,36.19,,35.83,0.23,1899900
11/7/11 19:21,SLHTLFGDELCK,35.54,36.19,,35.83,0.23,1836200
11/8/11 2:10,SLHTLFGDELCK,35.44,36.14,,35.75,0.24,2073200
11/8/11 14:28,SLHTLFGDELCK,35.67,36.27,,35.93,0.22,1929550
11/8/11 15:50,SLHTLFGDELCK,35.39,36.06,,35.7,0.25,1895500
11/8/11 18:34,SLHTLFGDELCK,35.59,36.27,,35.91,0.24,1740900
11/8/11 19:56,SLHTLFGDELCK,35.57,36.32,,35.91,0.24,1886600
11/9/11 6:52,SLHTLFGDELCK,35.23,35.88,,35.52,0.23,1973200
11/9/11 16:25,SLHTLFGDELCK,35.72,36.35,,36.01,0.23,1883500
11/10/11 1:59,SLHTLFGDELCK,36.11,36.76,,36.4,0.25,1747150
11/10/11 7:27,SLHTLFGDELCK,35.49,36.11,,35.75,0.24,1795650
11/10/11 8:49,SLHTLFGDELCK,35.34,35.96,,35.62,0.23,1769700
11/10/11 10:11,SLHTLFGDELCK,35.08,35.75,,35.39,0.24,1807100
11/10/11 12:54,SLHTLFGDELCK,35.36,35.98,,35.62,0.24,1934700
11/10/11 14:16,SLHTLFGDELCK,35.23,35.88,,35.52,0.23,1962900
11/10/11 17:00,SLHTLFGDELCK,35.28,36.04,,35.62,0.25,1933000
11/10/11 23:50,SLHTLFGDELCK,35.41,36.01,,35.67,0.21,1965000
11/11/11 12:08,SLHTLFGDELCK,34.71,35.36,,35,0.26,2101250
11/11/11 13:30,SLHTLFGDELCK,34.71,35.39,,35.02,0.26,2015550
11/12/11 4:31,SLHTLFGDELCK,35.02,35.7,,35.34,0.25,2427950
11/12/11 5:53,SLHTLFGDELCK,34.79,35.44,,35.08,0.24,1643200
11/12/11 8:37,SLHTLFGDELCK,34.79,35.44,,35.08,0.24,2515500
11/15/11 17:15,SLHTLFGDELCK,35.49,36.11,,35.8,0.23,1389800
11/15/11 18:36,SLHTLFGDELCK,35.44,36.06,,35.67,0.22,1459200
11/15/11 19:58,SLHTLFGDELCK,35.23,35.93,,35.54,0.2,1518950
11/15/11 21:20,SLHTLFGDELCK,35.49,36.11,,35.72,0.21,1424300
11/15/11 22:42,SLHTLFGDELCK,35.65,36.29,,35.91,0.25,1158850
11/16/11 0:04,SLHTLFGDELCK,35.7,36.35,,35.98,0.24,1445500
11/16/11 1:26,SLHTLFGDELCK,35.7,36.32,,35.96,0.25,1516750
10/29/11 7:50,YNGVFQECCQAEDK,27.95,28.55,,28.24,0.2,708950
10/29/11 9:12,YNGVFQECCQAEDK,27.9,28.68,,28.37,0.23,755550
10/29/11 10:34,YNGVFQECCQAEDK,27.85,28.52,,28.19,0.25,645350
10/29/11 11:55,YNGVFQECCQAEDK,27.87,28.52,,28.19,0.21,743050
10/29/11 13:17,YNGVFQECCQAEDK,28,28.55,,28.21,0.2,669000
10/30/11 3:19,YNGVFQECCQAEDK,27.62,28.16,,27.87,0.21,644100
10/30/11 4:41,YNGVFQECCQAEDK,27.56,28.24,,27.93,0.19,664950
10/30/11 6:03,YNGVFQECCQAEDK,27.62,28.34,,27.95,0.19,696250
10/30/11 7:24,YNGVFQECCQAEDK,27.59,28.29,,27.95,0.2,714100
10/30/11 8:46,YNGVFQECCQAEDK,27.56,28.21,,27.9,0.22,653250
10/31/11 1:10,YNGVFQECCQAEDK,27.56,28.13,,27.82,0.19,698250
10/31/11 13:27,YNGVFQECCQAEDK,27.87,28.47,,28.19,0.2,689600
10/31/11 14:49,YNGVFQECCQAEDK,27.98,28.57,,28.24,0.22,727850
10/31/11 16:11,YNGVFQECCQAEDK,27.95,28.55,,28.19,0.21,687950
11/1/11 3:07,YNGVFQECCQAEDK,28,28.68,,28.26,0.23,669950
11/1/11 12:40,YNGVFQECCQAEDK,27.8,28.37,,28.06,0.19,730900
11/1/11 22:14,YNGVFQECCQAEDK,27.51,28.13,,27.8,0.22,698750
11/1/11 23:36,YNGVFQECCQAEDK,27.46,28.11,,27.82,0.21,736850
11/2/11 0:58,YNGVFQECCQAEDK,27.64,28.29,,27.93,0.23,705650
11/2/11 2:20,YNGVFQECCQAEDK,27.67,28.26,,27.93,0.22,659900
11/2/11 3:42,YNGVFQECCQAEDK,27.51,28.19,,27.85,0.21,770300
11/2/11 5:03,YNGVFQECCQAEDK,27.69,28.26,,27.93,0.2,744900
11/2/11 6:25,YNGVFQECCQAEDK,27.69,28.29,,28,0.21,696350
11/2/11 7:47,YNGVFQECCQAEDK,27.8,28.34,,28.03,0.22,726050
11/2/11 9:09,YNGVFQECCQAEDK,27.82,28.37,,28.08,0.19,692750
11/2/11 10:31,YNGVFQECCQAEDK,27.72,28.34,,28,0.2,680450
11/2/11 11:53,YNGVFQECCQAEDK,27.77,28.39,,28.03,0.19,743900
11/2/11 13:15,YNGVFQECCQAEDK,27.75,28.37,,28.06,0.2,727100
11/2/11 14:37,YNGVFQECCQAEDK,28,28.57,,28.26,0.21,732900
11/2/11 21:27,YNGVFQECCQAEDK,27.82,28.34,,28.06,0.22,778600
11/2/11 22:49,YNGVFQECCQAEDK,27.9,28.52,,28.21,0.22,723250
11/3/11 0:11,YNGVFQECCQAEDK,28.03,28.6,,28.29,0.23,726300
11/3/11 1:33,YNGVFQECCQAEDK,27.85,28.68,,28.32,0.22,754650
11/3/11 2:54,YNGVFQECCQAEDK,27.87,28.47,,28.21,0.22,699750
11/3/11 4:16,YNGVFQECCQAEDK,27.75,28.39,,28.06,0.21,769200
11/3/11 8:22,YNGVFQECCQAEDK,27.98,28.6,,28.19,0.2,790050
11/3/11 20:40,YNGVFQECCQAEDK,27.72,28.34,,27.95,0.2,693850
11/3/11 22:02,YNGVFQECCQAEDK,27.54,28.5,,28.13,0.22,735800
11/3/11 23:24,YNGVFQECCQAEDK,27.82,28.47,,28.08,0.2,698300
11/4/11 10:19,YNGVFQECCQAEDK,27.38,27.9,,27.62,0.18,688700
11/4/11 19:53,YNGVFQECCQAEDK,27.67,28.32,,28,0.23,810300
11/5/11 5:27,YNGVFQECCQAEDK,27.51,28.39,,28.03,0.23,868800
11/5/11 8:15,YNGVFQECCQAEDK,27.62,28.16,,27.9,0.21,821450
11/5/11 17:49,YNGVFQECCQAEDK,27.77,28.39,,28.11,0.22,901150
11/5/11 19:11,YNGVFQECCQAEDK,27.77,28.34,,28.03,0.23,862000
11/5/11 20:33,YNGVFQECCQAEDK,27.54,28.26,,27.87,0.23,878450
11/6/11 3:44,YNGVFQECCQAEDK,27.67,28.32,,28.03,0.22,912750
11/6/11 5:06,YNGVFQECCQAEDK,27.75,28.44,,28.11,0.23,954800
11/6/11 6:28,YNGVFQECCQAEDK,27.93,28.55,,28.24,0.21,922000
11/7/11 0:13,YNGVFQECCQAEDK,28.55,29.25,,28.89,0.22,782150
11/6/11 7:50,YNGVFQECCQAEDK,27.87,28.44,,28.11,0.21,920400
11/6/11 9:12,YNGVFQECCQAEDK,27.9,28.55,,28.21,0.22,951900
11/6/11 10:34,YNGVFQECCQAEDK,28.19,28.81,,28.44,0.22,883150
11/6/11 11:56,YNGVFQECCQAEDK,28.21,28.78,,28.44,0.21,880050
11/6/11 13:18,YNGVFQECCQAEDK,28.11,28.76,,28.42,0.24,790650
11/6/11 14:40,YNGVFQECCQAEDK,28.08,28.76,,28.39,0.22,831250
11/6/11 16:02,YNGVFQECCQAEDK,28.11,28.78,,28.42,0.24,837800
11/6/11 17:24,YNGVFQECCQAEDK,28.24,28.83,,28.52,0.24,810050
11/7/11 12:31,YNGVFQECCQAEDK,28.03,28.65,,28.32,0.23,775800
11/7/11 13:53,YNGVFQECCQAEDK,28.11,28.73,,28.39,0.24,742200
11/7/11 16:37,YNGVFQECCQAEDK,28.16,28.78,,28.47,0.22,733650
11/7/11 19:21,YNGVFQECCQAEDK,28.11,28.78,,28.42,0.23,706150
11/8/11 2:10,YNGVFQECCQAEDK,27.98,28.57,,28.32,0.23,779950
11/8/11 14:28,YNGVFQECCQAEDK,28.29,28.94,,28.6,0.23,772150
11/8/11 15:50,YNGVFQECCQAEDK,28.03,28.68,,28.34,0.21,737250
11/8/11 18:34,YNGVFQECCQAEDK,28.21,28.83,,28.52,0.23,620500
11/8/11 19:56,YNGVFQECCQAEDK,28.16,28.81,,28.44,0.24,708350
11/9/11 6:52,YNGVFQECCQAEDK,27.93,28.6,,28.29,0.22,723700
11/9/11 16:25,YNGVFQECCQAEDK,28.6,29.17,,28.86,0.21,633800
11/10/11 1:59,YNGVFQECCQAEDK,28.94,29.69,,29.3,0.22,586000
11/10/11 7:27,YNGVFQECCQAEDK,28.47,29.12,,28.73,0.21,580050
11/10/11 8:49,YNGVFQECCQAEDK,28.32,28.89,,28.6,0.21,600500
11/10/11 10:11,YNGVFQECCQAEDK,28.03,28.63,,28.32,0.2,608550
11/10/11 12:54,YNGVFQECCQAEDK,28.19,28.81,,28.47,0.22,629100
11/10/11 14:16,YNGVFQECCQAEDK,28.03,28.63,,28.37,0.22,667200
11/10/11 17:00,YNGVFQECCQAEDK,28.39,28.91,,28.68,0.23,640400
11/10/11 23:50,YNGVFQECCQAEDK,28.32,28.89,,28.65,0.22,609600
11/11/11 12:08,YNGVFQECCQAEDK,27.33,27.95,,27.62,0.21,726250
11/11/11 13:30,YNGVFQECCQAEDK,27.49,28.16,,27.8,0.22,677100
11/12/11 4:31,YNGVFQECCQAEDK,27.85,28.63,,28.19,0.23,758250
11/12/11 5:53,YNGVFQECCQAEDK,27.72,28.29,,28,0.21,584500
11/12/11 8:37,YNGVFQECCQAEDK,27.49,28.13,,27.77,0.21,800500
11/15/11 17:15,YNGVFQECCQAEDK,28.13,28.65,,28.42,0.18,452700
11/15/11 18:36,YNGVFQECCQAEDK,28,28.65,,28.29,0.21,484900
11/15/11 19:58,YNGVFQECCQAEDK,27.95,28.55,,28.24,0.2,473500
11/15/11 21:20,YNGVFQECCQAEDK,28.11,28.81,,28.39,0.21,442450
11/15/11 22:42,YNGVFQECCQAEDK,28.24,28.86,,28.52,0.24,398750
11/16/11 0:04,YNGVFQECCQAEDK,28.34,28.91,,28.6,0.22,458000
11/16/11 1:26,YNGVFQECCQAEDK,28.37,28.96,,28.63,0.22,487100
10/29/11 7:50,HLVDEPQNLIK,27.2,27.75,,27.41,0.2,2322300
10/29/11 9:12,HLVDEPQNLIK,27.28,27.8,,27.54,0.18,2516100
10/29/11 10:34,HLVDEPQNLIK,27.15,27.69,,27.33,0.19,2226750
10/29/11 11:55,HLVDEPQNLIK,27.15,27.69,,27.36,0.19,2395550
10/29/11 13:17,HLVDEPQNLIK,27.18,27.69,,27.41,0.18,2242150
10/30/11 3:19,HLVDEPQNLIK,26.84,27.33,,27.07,0.18,1918200
10/30/11 4:41,HLVDEPQNLIK,26.89,27.46,,27.1,0.2,1948400
10/30/11 6:03,HLVDEPQNLIK,27.02,27.59,,27.25,0.19,2051850
10/30/11 7:24,HLVDEPQNLIK,26.99,27.51,,27.23,0.19,2147050
10/30/11 8:46,HLVDEPQNLIK,26.92,27.46,,27.15,0.19,2016550
10/31/11 1:10,HLVDEPQNLIK,26.81,27.33,,27.02,0.19,1809750
10/31/11 13:27,HLVDEPQNLIK,27.23,27.69,,27.43,0.18,2293350
10/31/11 14:49,HLVDEPQNLIK,27.23,27.72,,27.43,0.17,2040450
10/31/11 16:11,HLVDEPQNLIK,27.1,27.62,,27.33,0.21,1798600
11/1/11 3:07,HLVDEPQNLIK,27.15,27.64,,27.36,0.19,1414900
11/1/11 12:40,HLVDEPQNLIK,27.07,27.59,,27.28,0.18,1845600
11/1/11 22:14,HLVDEPQNLIK,26.66,27.12,,26.84,0.17,1750700
11/1/11 23:36,HLVDEPQNLIK,26.63,27.1,,26.81,0.17,1799650
11/2/11 0:58,HLVDEPQNLIK,26.71,27.2,,26.94,0.17,1669350
11/2/11 2:20,HLVDEPQNLIK,26.73,27.23,,26.99,0.16,1533900
11/2/11 3:42,HLVDEPQNLIK,26.71,27.2,,26.92,0.18,1559850
11/2/11 5:03,HLVDEPQNLIK,26.84,27.36,,27.05,0.19,1420900
11/2/11 6:25,HLVDEPQNLIK,26.92,27.46,,27.15,0.19,1504150
11/2/11 7:47,HLVDEPQNLIK,27.07,27.56,,27.3,0.17,1821300
11/2/11 9:09,HLVDEPQNLIK,27.18,27.64,,27.36,0.17,1917050
11/2/11 10:31,HLVDEPQNLIK,27.1,27.56,,27.3,0.16,1802350
11/2/11 11:53,HLVDEPQNLIK,27.12,27.62,,27.33,0.17,1925050
11/2/11 13:15,HLVDEPQNLIK,27.05,27.56,,27.25,0.18,1961200
11/2/11 14:37,HLVDEPQNLIK,27.2,27.72,,27.43,0.18,1920900
11/2/11 21:27,HLVDEPQNLIK,26.99,27.54,,27.2,0.19,1556800
11/2/11 22:49,HLVDEPQNLIK,27.1,27.59,,27.3,0.19,1507200
11/3/11 0:11,HLVDEPQNLIK,27.18,27.67,,27.38,0.18,1536500
11/3/11 1:33,HLVDEPQNLIK,27.23,27.75,,27.46,0.19,1518050
11/3/11 2:54,HLVDEPQNLIK,27.12,27.59,,27.33,0.17,1450550
11/3/11 4:16,HLVDEPQNLIK,26.94,27.46,,27.15,0.19,1514050
11/3/11 8:22,HLVDEPQNLIK,27.33,27.77,,27.51,0.18,1834600
11/3/11 20:40,HLVDEPQNLIK,26.99,27.49,,27.18,0.17,1659000
11/3/11 22:02,HLVDEPQNLIK,27.1,27.62,,27.33,0.2,1467950
11/3/11 23:24,HLVDEPQNLIK,27.02,27.56,,27.28,0.19,1515900
11/4/11 10:19,HLVDEPQNLIK,26.68,27.15,,26.86,0.17,1502700
11/4/11 19:53,HLVDEPQNLIK,26.86,27.38,,27.07,0.17,1657050
11/5/11 5:27,HLVDEPQNLIK,26.86,27.36,,27.05,0.17,1751400
11/5/11 8:15,HLVDEPQNLIK,26.79,27.28,,26.99,0.18,1684450
11/5/11 17:49,HLVDEPQNLIK,26.92,27.41,,27.1,0.17,1792200
11/5/11 19:11,HLVDEPQNLIK,26.86,27.38,,27.05,0.17,1759300
11/5/11 20:33,HLVDEPQNLIK,26.71,27.2,,26.92,0.15,1811900
11/6/11 3:44,HLVDEPQNLIK,26.79,27.28,,26.99,0.17,2028100
11/6/11 5:06,HLVDEPQNLIK,27.1,27.59,,27.3,0.18,1702850
11/6/11 6:28,HLVDEPQNLIK,27.18,27.67,,27.38,0.18,1739850
11/7/11 0:13,HLVDEPQNLIK,27.67,28.19,,27.87,0.18,1498900
11/6/11 7:50,HLVDEPQNLIK,27.07,27.59,,27.3,0.19,1653900
11/6/11 9:12,HLVDEPQNLIK,27.15,27.64,,27.36,0.19,1694150
11/6/11 10:34,HLVDEPQNLIK,27.38,27.9,,27.59,0.2,1722100
11/6/11 11:56,HLVDEPQNLIK,27.41,27.9,,27.59,0.2,1604700
11/6/11 13:18,HLVDEPQNLIK,27.3,27.82,,27.54,0.2,1618700
11/6/11 14:40,HLVDEPQNLIK,27.25,27.8,,27.46,0.2,1635900
11/6/11 16:02,HLVDEPQNLIK,27.3,27.82,,27.51,0.21,1704250
11/6/11 17:24,HLVDEPQNLIK,27.43,27.9,,27.64,0.19,1617950
11/7/11 12:31,HLVDEPQNLIK,27.25,27.77,,27.46,0.18,2290050
11/7/11 13:53,HLVDEPQNLIK,27.15,27.72,,27.41,0.21,1634150
11/7/11 16:37,HLVDEPQNLIK,27.3,27.8,,27.49,0.17,1723700
11/7/11 19:21,HLVDEPQNLIK,27.2,27.75,,27.46,0.18,1572050
11/8/11 2:10,HLVDEPQNLIK,27.25,27.75,,27.43,0.19,1462100
11/8/11 14:28,HLVDEPQNLIK,27.49,28,,27.69,0.19,1916500
11/8/11 15:50,HLVDEPQNLIK,27.18,27.69,,27.38,0.18,1634050
11/8/11 18:34,HLVDEPQNLIK,27.33,27.9,,27.59,0.18,1419000
11/8/11 19:56,HLVDEPQNLIK,27.3,27.77,,27.51,0.17,1573000
11/9/11 6:52,HLVDEPQNLIK,27.18,27.72,,27.41,0.19,1230600
11/9/11 16:25,HLVDEPQNLIK,27.77,28.26,,27.98,0.19,1250550
11/10/11 1:59,HLVDEPQNLIK,28.03,28.6,,28.29,0.19,1340750
11/10/11 7:27,HLVDEPQNLIK,27.69,28.19,,27.9,0.18,1126550
11/10/11 8:49,HLVDEPQNLIK,27.59,28.06,,27.8,0.17,1079400
11/10/11 10:11,HLVDEPQNLIK,27.36,27.87,,27.56,0.18,1153100
11/10/11 12:54,HLVDEPQNLIK,27.38,27.9,,27.62,0.18,1463600
11/10/11 14:16,HLVDEPQNLIK,27.15,27.67,,27.38,0.17,1563300
11/10/11 17:00,HLVDEPQNLIK,27.49,27.98,,27.69,0.18,1446850
11/10/11 23:50,HLVDEPQNLIK,27.33,27.8,,27.54,0.16,1484400
11/11/11 12:08,HLVDEPQNLIK,26.48,26.97,,26.68,0.18,1585300
11/11/11 13:30,HLVDEPQNLIK,26.61,27.15,,26.84,0.18,1894350
11/12/11 4:31,HLVDEPQNLIK,26.94,27.43,,27.15,0.19,1739250
11/12/11 5:53,HLVDEPQNLIK,26.81,27.33,,26.99,0.19,1402300
11/12/11 8:37,HLVDEPQNLIK,26.55,27.12,,26.79,0.19,1888200
11/15/11 17:15,HLVDEPQNLIK,27.49,28.06,,27.72,0.2,1742450
11/15/11 18:36,HLVDEPQNLIK,27.43,27.93,,27.64,0.18,1769300
11/15/11 19:58,HLVDEPQNLIK,27.3,27.85,,27.54,0.19,1694350
11/15/11 21:20,HLVDEPQNLIK,27.43,27.95,,27.64,0.19,1613400
11/15/11 22:42,HLVDEPQNLIK,27.51,28.06,,27.75,0.18,1464500
11/16/11 0:04,HLVDEPQNLIK,27.59,28.11,,27.8,0.2,1663350
11/16/11 1:26,HLVDEPQNLIK,27.56,28.11,,27.77,0.18,1736850